benchmark,arm,archive,rep,mean_ticks,n,dit_exit,cycle_src,timer_src,tot_cyc,tot_ins,map_stall,flush,reg_cyc,reg_ins,reg_n,samp_cyc,samp_ins,samp_n,samp_every,pmc_off,reg_drop,pinned
ed25519,A,base,1,8086.592,1000,0,pmc,cntvct,0,0,0,0,8298381,0,1025,548334,2397760,16,64,1,0,9
ed25519,C,base,1,8057.970,1000,1,pmc,cntvct,0,0,0,0,8258681,0,1025,554682,2397760,16,64,1,0,9
ed25519,B,base,1,8073.332,1000,0,pmc,cntvct,0,0,0,0,8281293,0,1025,557338,2397920,16,64,1,0,9
ed25519,T,base,1,7962.108,1000,0,pmc,cntvct,0,0,0,0,8167286,0,1025,548944,2397920,16,64,1,0,9
ed25519,P,taint,1,8050.225,1000,0,pmc,cntvct,0,0,0,0,8252081,0,1025,559789,2399728,16,64,1,0,9
ed25519,Z,taintnop,1,8034.341,1000,0,pmc,cntvct,0,0,0,0,8231526,0,1025,553704,2399824,16,64,1,0,9
ed25519,C,base,2,8025.627,1000,1,pmc,cntvct,0,0,0,0,8228577,0,1025,554856,2397760,16,64,1,0,9
ed25519,B,base,2,8053.906,1000,0,pmc,cntvct,0,0,0,0,8257962,0,1025,556710,2397920,16,64,1,0,9
ed25519,T,base,2,7961.812,1000,0,pmc,cntvct,0,0,0,0,8160638,0,1025,548148,2397920,16,64,1,0,9
ed25519,P,taint,2,8047.517,1000,0,pmc,cntvct,0,0,0,0,8252263,0,1025,559827,2399728,16,64,1,0,9
ed25519,Z,taintnop,2,8040.024,1000,0,pmc,cntvct,0,0,0,0,8239961,0,1025,554497,2399824,16,64,1,0,9
ed25519,A,base,2,7955.311,1000,0,pmc,cntvct,0,0,0,0,8156142,0,1025,549552,2397760,16,64,1,0,9
ed25519,B,base,3,8067.640,1000,0,pmc,cntvct,0,0,0,0,8277082,0,1025,556491,2397920,16,64,1,0,9
ed25519,T,base,3,7959.648,1000,0,pmc,cntvct,0,0,0,0,8158104,0,1025,548473,2397920,16,64,1,0,9
ed25519,P,taint,3,8053.847,1000,0,pmc,cntvct,0,0,0,0,8259458,0,1025,560210,2399728,16,64,1,0,9
ed25519,Z,taintnop,3,8037.919,1000,0,pmc,cntvct,0,0,0,0,8236173,0,1025,553535,2399824,16,64,1,0,9
ed25519,A,base,3,7968.618,1000,0,pmc,cntvct,0,0,0,0,8170342,0,1025,549756,2397760,16,64,1,0,9
ed25519,C,base,3,8082.614,1000,1,pmc,cntvct,0,0,0,0,8286483,0,1025,554476,2397760,16,64,1,0,9
ed25519,T,base,4,7971.363,1000,0,pmc,cntvct,0,0,0,0,8172218,0,1025,548705,2397920,16,64,1,0,9
ed25519,P,taint,4,8064.318,1000,0,pmc,cntvct,0,0,0,0,8266518,0,1025,559184,2399728,16,64,1,0,9
ed25519,Z,taintnop,4,8050.624,1000,0,pmc,cntvct,0,0,0,0,8250080,0,1025,554017,2399824,16,64,1,0,9
ed25519,A,base,4,7996.582,1000,0,pmc,cntvct,0,0,0,0,8197624,0,1025,549619,2397760,16,64,1,0,9
ed25519,C,base,4,8080.437,1000,1,pmc,cntvct,0,0,0,0,8283616,0,1025,554745,2397760,16,64,1,0,9
ed25519,B,base,4,8075.055,1000,0,pmc,cntvct,0,0,0,0,8279427,0,1025,556302,2397920,16,64,1,0,9
ed25519,P,taint,5,8068.483,1000,0,pmc,cntvct,0,0,0,0,8270398,0,1025,560586,2399728,16,64,1,0,9
ed25519,Z,taintnop,5,8058.764,1000,0,pmc,cntvct,0,0,0,0,8257604,0,1025,554359,2399824,16,64,1,0,9
ed25519,A,base,5,7982.513,1000,0,pmc,cntvct,0,0,0,0,8183629,0,1025,549444,2397760,16,64,1,0,9
ed25519,C,base,5,8099.419,1000,1,pmc,cntvct,0,0,0,0,8302043,0,1025,555800,2397760,16,64,1,0,9
ed25519,B,base,5,8128.600,1000,0,pmc,cntvct,0,0,0,0,8335949,0,1025,562327,2403596,16,64,1,0,9
ed25519,T,base,5,7973.650,1000,0,pmc,cntvct,0,0,0,0,8173074,0,1025,548783,2397920,16,64,1,0,9
ed25519,Z,taintnop,6,8067.079,1000,0,pmc,cntvct,0,0,0,0,8267661,0,1025,554492,2399824,16,64,1,0,9
ed25519,A,base,6,8005.118,1000,0,pmc,cntvct,0,0,0,0,8204980,0,1025,548224,2397760,16,64,1,0,9
ed25519,C,base,6,8099.754,1000,1,pmc,cntvct,0,0,0,0,8302297,0,1025,555264,2397760,16,64,1,0,9
ed25519,B,base,6,8097.166,1000,0,pmc,cntvct,0,0,0,0,8302107,0,1025,556649,2397920,16,64,1,0,9
ed25519,T,base,6,7989.607,1000,0,pmc,cntvct,0,0,0,0,8190588,0,1025,548885,2397920,16,64,1,0,9
ed25519,P,taint,6,8083.526,1000,0,pmc,cntvct,0,0,0,0,8284582,0,1025,559563,2399728,16,64,1,0,9
ed25519,A,base,7,7991.582,1000,0,pmc,cntvct,0,0,0,0,8193256,0,1025,549395,2397760,16,64,1,0,9
ed25519,C,base,7,8083.307,1000,1,pmc,cntvct,0,0,0,0,8284101,0,1025,553607,2397760,16,64,1,0,9
ed25519,B,base,7,8104.395,1000,0,pmc,cntvct,0,0,0,0,8307855,0,1025,556510,2397920,16,64,1,0,9
ed25519,T,base,7,8007.768,1000,0,pmc,cntvct,0,0,0,0,8208079,0,1025,552954,2403586,16,64,1,0,9
ed25519,P,taint,7,8092.897,1000,0,pmc,cntvct,0,0,0,0,8294452,0,1025,560161,2399728,16,64,1,0,9
ed25519,Z,taintnop,7,8072.157,1000,0,pmc,cntvct,0,0,0,0,8272048,0,1025,554405,2399824,16,64,1,0,9
ed25519,C,base,8,8117.410,1000,1,pmc,cntvct,0,0,0,0,8320412,0,1025,559491,2403426,16,64,1,0,9
ed25519,B,base,8,8114.015,1000,0,pmc,cntvct,0,0,0,0,8318483,0,1025,556616,2397920,16,64,1,0,9
ed25519,T,base,8,8013.207,1000,0,pmc,cntvct,0,0,0,0,8216682,0,1025,548998,2397920,16,64,1,0,9
ed25519,P,taint,8,8094.051,1000,0,pmc,cntvct,0,0,0,0,8296256,0,1025,559312,2399728,16,64,1,0,9
ed25519,Z,taintnop,8,8079.629,1000,0,pmc,cntvct,0,0,0,0,8277502,0,1025,553311,2399824,16,64,1,0,9
ed25519,A,base,8,8012.334,1000,0,pmc,cntvct,0,0,0,0,8218058,0,1025,549626,2397760,16,64,1,0,9
ed25519,B,base,9,8128.443,1000,0,pmc,cntvct,0,0,0,0,8338779,0,1025,556567,2397920,16,64,1,0,9
ed25519,T,base,9,8019.117,1000,0,pmc,cntvct,0,0,0,0,8217806,0,1025,548178,2397920,16,64,1,0,9
ed25519,P,taint,9,8096.693,1000,0,pmc,cntvct,0,0,0,0,8299032,0,1025,560083,2399728,16,64,1,0,9
ed25519,Z,taintnop,9,8094.254,1000,0,pmc,cntvct,0,0,0,0,8295670,0,1025,554269,2399824,16,64,1,0,9
ed25519,A,base,9,8038.896,1000,0,pmc,cntvct,0,0,0,0,8240628,0,1025,549648,2397760,16,64,1,0,9
ed25519,C,base,9,8123.951,1000,1,pmc,cntvct,0,0,0,0,8331765,0,1025,555133,2397760,16,64,1,0,9
ed25519,T,base,10,8019.290,1000,0,pmc,cntvct,0,0,0,0,8225211,0,1025,548897,2397920,16,64,1,0,9
ed25519,P,taint,10,8097.344,1000,0,pmc,cntvct,0,0,0,0,8300108,0,1025,559774,2399728,16,64,1,0,9
ed25519,Z,taintnop,10,8089.234,1000,0,pmc,cntvct,0,0,0,0,8289385,0,1025,553681,2399824,16,64,1,0,9
ed25519,A,base,10,8015.832,1000,0,pmc,cntvct,0,0,0,0,8216978,0,1025,549694,2397760,16,64,1,0,9
ed25519,C,base,10,8102.139,1000,1,pmc,cntvct,0,0,0,0,8305474,0,1025,555055,2397760,16,64,1,0,9
ed25519,B,base,10,8154.482,1000,0,pmc,cntvct,0,0,0,0,8358298,0,1025,557983,2397920,16,64,1,0,9
ed25519,P,taint,11,8097.443,1000,0,pmc,cntvct,0,0,0,0,8298988,0,1025,560172,2399728,16,64,1,0,9
ed25519,Z,taintnop,11,8089.162,1000,0,pmc,cntvct,0,0,0,0,8287491,0,1025,554029,2399824,16,64,1,0,9
ed25519,A,base,11,8045.738,1000,0,pmc,cntvct,0,0,0,0,8245617,0,1025,549505,2397760,16,64,1,0,9
ed25519,C,base,11,8091.884,1000,1,pmc,cntvct,0,0,0,0,8297187,0,1025,554318,2397760,16,64,1,0,9
ed25519,B,base,11,8145.671,1000,0,pmc,cntvct,0,0,0,0,8349775,0,1025,557097,2397920,16,64,1,0,9
ed25519,T,base,11,8029.836,1000,0,pmc,cntvct,0,0,0,0,8230860,0,1025,548644,2397920,16,64,1,0,9
ed25519,Z,taintnop,12,8122.564,1000,0,pmc,cntvct,0,0,0,0,8323252,0,1025,554458,2399824,16,64,1,0,9
ed25519,A,base,12,8042.374,1000,0,pmc,cntvct,0,0,0,0,8244280,0,1025,548972,2397760,16,64,1,0,9
ed25519,C,base,12,8263.974,1000,1,pmc,cntvct,0,0,0,0,8466842,0,1025,555033,2397760,16,64,1,0,9
ed25519,B,base,12,8240.007,1000,0,pmc,cntvct,0,0,0,0,8448471,0,1025,556977,2397920,16,64,1,0,9
ed25519,T,base,12,8381.532,1000,0,pmc,cntvct,0,0,0,0,8594658,0,1025,548232,2397920,16,64,1,0,9
ed25519,P,taint,12,8168.879,1000,0,pmc,cntvct,0,0,0,0,8368966,0,1025,558861,2399728,16,64,1,0,9
ed25519,A,base,13,8205.062,1000,0,pmc,cntvct,0,0,0,0,8415802,0,1025,549648,2397760,16,64,1,0,9
ed25519,C,base,13,8152.454,1000,1,pmc,cntvct,0,0,0,0,8354198,0,1025,554097,2397760,16,64,1,0,9
ed25519,B,base,13,8163.151,1000,0,pmc,cntvct,0,0,0,0,8367335,0,1025,557291,2397920,16,64,1,0,9
ed25519,T,base,13,8051.638,1000,0,pmc,cntvct,0,0,0,0,8252868,0,1025,548268,2397920,16,64,1,0,9
ed25519,P,taint,13,8128.288,1000,0,pmc,cntvct,0,0,0,0,8330264,0,1025,559330,2399728,16,64,1,0,9
ed25519,Z,taintnop,13,8123.885,1000,0,pmc,cntvct,0,0,0,0,8322422,0,1025,553230,2399824,16,64,1,0,9
ed25519,C,base,14,8133.119,1000,1,pmc,cntvct,0,0,0,0,8336864,0,1025,554534,2397760,16,64,1,0,9
ed25519,B,base,14,8186.638,1000,0,pmc,cntvct,0,0,0,0,8393138,0,1025,556348,2397920,16,64,1,0,9
ed25519,T,base,14,8039.039,1000,0,pmc,cntvct,0,0,0,0,8238226,0,1025,548688,2397920,16,64,1,0,9
ed25519,P,taint,14,8131.567,1000,0,pmc,cntvct,0,0,0,0,8334295,0,1025,560365,2399728,16,64,1,0,9
ed25519,Z,taintnop,14,8124.497,1000,0,pmc,cntvct,0,0,0,0,8323706,0,1025,553436,2399824,16,64,1,0,9
ed25519,A,base,14,8059.245,1000,0,pmc,cntvct,0,0,0,0,8260706,0,1025,549847,2397760,16,64,1,0,9
ed25519,B,base,15,8174.646,1000,0,pmc,cntvct,0,0,0,0,8378268,0,1025,557786,2397920,16,64,1,0,9
ed25519,T,base,15,8054.407,1000,0,pmc,cntvct,0,0,0,0,8254492,0,1025,549494,2397920,16,64,1,0,9
ed25519,P,taint,15,8138.447,1000,0,pmc,cntvct,0,0,0,0,8343274,0,1025,559852,2399728,16,64,1,0,9
ed25519,Z,taintnop,15,8132.061,1000,0,pmc,cntvct,0,0,0,0,8330581,0,1025,553601,2399824,16,64,1,0,9
ed25519,A,base,15,8055.440,1000,0,pmc,cntvct,0,0,0,0,8255196,0,1025,549851,2397760,16,64,1,0,9
ed25519,C,base,15,8169.309,1000,1,pmc,cntvct,0,0,0,0,8369850,0,1025,554087,2397760,16,64,1,0,9
chacha20_poly1305_encrypt,A,base,1,257.473,1000,0,pmc,cntvct,0,0,0,0,297744,0,1025,16869,78993,16,64,1,0,9
chacha20_poly1305_encrypt,C,base,1,267.774,1000,1,pmc,cntvct,0,0,0,0,278234,0,1025,16924,78992,16,64,1,0,9
chacha20_poly1305_encrypt,B,base,1,303.603,1000,0,pmc,cntvct,0,0,0,0,346798,0,1025,20081,79248,16,64,1,0,9
chacha20_poly1305_encrypt,T,base,1,261.730,1000,0,pmc,cntvct,0,0,0,0,304082,0,1025,17009,79248,16,64,1,0,9
chacha20_poly1305_encrypt,P,taint,1,534.075,1000,0,pmc,cntvct,0,0,0,0,639838,0,1025,36178,80160,16,64,1,0,9
chacha20_poly1305_encrypt,Z,taintnop,1,259.820,1000,0,pmc,cntvct,0,0,0,0,381600,0,1025,17073,80080,16,64,1,0,9
chacha20_poly1305_encrypt,C,base,2,267.087,1000,1,pmc,cntvct,0,0,0,0,277535,0,1025,16909,78992,16,64,1,0,9
chacha20_poly1305_encrypt,B,base,2,307.724,1000,0,pmc,cntvct,0,0,0,0,320727,0,1025,19979,79248,16,64,1,0,9
chacha20_poly1305_encrypt,T,base,2,258.161,1000,0,pmc,cntvct,0,0,0,0,268455,0,1025,16960,79248,16,64,1,0,9
chacha20_poly1305_encrypt,P,taint,2,528.699,1000,0,pmc,cntvct,0,0,0,0,548240,0,1025,36247,80160,16,64,1,0,9
chacha20_poly1305_encrypt,Z,taintnop,2,259.493,1000,0,pmc,cntvct,0,0,0,0,273620,0,1025,16930,80080,16,64,1,0,9
chacha20_poly1305_encrypt,A,base,2,257.028,1000,0,pmc,cntvct,0,0,0,0,267486,0,1025,16857,78991,16,64,1,0,9
chacha20_poly1305_encrypt,B,base,3,300.632,1000,0,pmc,cntvct,0,0,0,0,311965,0,1025,19991,79248,16,64,1,0,9
chacha20_poly1305_encrypt,T,base,3,270.700,1000,0,pmc,cntvct,0,0,0,0,281050,0,1025,17738,79248,16,64,1,0,9
chacha20_poly1305_encrypt,P,taint,3,534.074,1000,0,pmc,cntvct,0,0,0,0,553425,0,1025,36218,80160,16,64,1,0,9
chacha20_poly1305_encrypt,Z,taintnop,3,270.758,1000,0,pmc,cntvct,0,0,0,0,285066,0,1025,17710,80080,16,64,1,0,9
chacha20_poly1305_encrypt,A,base,3,268.065,1000,0,pmc,cntvct,0,0,0,0,278472,0,1025,17650,78992,16,64,1,0,9
chacha20_poly1305_encrypt,C,base,3,278.871,1000,1,pmc,cntvct,0,0,0,0,289452,0,1025,17768,78992,16,64,1,0,9
chacha20_poly1305_encrypt,T,base,4,257.533,1000,0,pmc,cntvct,0,0,0,0,267826,0,1025,16915,79248,16,64,1,0,9
chacha20_poly1305_encrypt,P,taint,4,532.823,1000,0,pmc,cntvct,0,0,0,0,552782,0,1025,36343,80160,16,64,1,0,9
chacha20_poly1305_encrypt,Z,taintnop,4,261.734,1000,0,pmc,cntvct,0,0,0,0,275979,0,1025,17021,80080,16,64,1,0,9
chacha20_poly1305_encrypt,A,base,4,256.775,1000,0,pmc,cntvct,0,0,0,0,267539,0,1025,16852,78992,16,64,1,0,9
chacha20_poly1305_encrypt,C,base,4,269.093,1000,1,pmc,cntvct,0,0,0,0,279446,0,1025,16861,78992,16,64,1,0,9
chacha20_poly1305_encrypt,B,base,4,304.576,1000,0,pmc,cntvct,0,0,0,0,316115,0,1025,20386,79247,16,64,1,0,9
chacha20_poly1305_encrypt,P,taint,5,537.369,1000,0,pmc,cntvct,0,0,0,0,557511,0,1025,36460,80160,16,64,1,0,9
chacha20_poly1305_encrypt,Z,taintnop,5,260.004,1000,0,pmc,cntvct,0,0,0,0,274215,0,1025,17043,80080,16,64,1,0,9
chacha20_poly1305_encrypt,A,base,5,268.056,1000,0,pmc,cntvct,0,0,0,0,279448,0,1025,17551,78992,16,64,1,0,9
chacha20_poly1305_encrypt,C,base,5,277.313,1000,1,pmc,cntvct,0,0,0,0,288227,0,1025,17658,78992,16,64,1,0,9
chacha20_poly1305_encrypt,B,base,5,304.455,1000,0,pmc,cntvct,0,0,0,0,316389,0,1025,20017,79248,16,64,1,0,9
chacha20_poly1305_encrypt,T,base,5,258.548,1000,0,pmc,cntvct,0,0,0,0,269714,0,1025,16967,79248,16,64,1,0,9
chacha20_poly1305_encrypt,Z,taintnop,6,258.643,1000,0,pmc,cntvct,0,0,0,0,272033,0,1025,17055,80080,16,64,1,0,9
chacha20_poly1305_encrypt,A,base,6,258.909,1000,0,pmc,cntvct,0,0,0,0,269659,0,1025,16911,78993,16,64,1,0,9
chacha20_poly1305_encrypt,C,base,6,268.041,1000,1,pmc,cntvct,0,0,0,0,278417,0,1025,16896,78992,16,64,1,0,9
chacha20_poly1305_encrypt,B,base,6,302.204,1000,0,pmc,cntvct,0,0,0,0,313636,0,1025,20136,79248,16,64,1,0,9
chacha20_poly1305_encrypt,T,base,6,260.072,1000,0,pmc,cntvct,0,0,0,0,270550,0,1025,16960,79248,16,64,1,0,9
chacha20_poly1305_encrypt,P,taint,6,534.010,1000,0,pmc,cntvct,0,0,0,0,554677,0,1025,36493,80160,16,64,1,0,9
chacha20_poly1305_encrypt,A,base,7,256.986,1000,0,pmc,cntvct,0,0,0,0,267337,0,1025,16879,78992,16,64,1,0,9
chacha20_poly1305_encrypt,C,base,7,278.999,1000,1,pmc,cntvct,0,0,0,0,289830,0,1025,17733,78992,16,64,1,0,9
chacha20_poly1305_encrypt,B,base,7,299.814,1000,0,pmc,cntvct,0,0,0,0,311231,0,1025,19964,79248,16,64,1,0,9
chacha20_poly1305_encrypt,T,base,7,262.308,1000,0,pmc,cntvct,0,0,0,0,273411,0,1025,16902,79248,16,64,1,0,9
chacha20_poly1305_encrypt,P,taint,7,532.740,1000,0,pmc,cntvct,0,0,0,0,553674,0,1025,36256,80160,16,64,1,0,9
chacha20_poly1305_encrypt,Z,taintnop,7,260.249,1000,0,pmc,cntvct,0,0,0,0,274038,0,1025,17126,80080,16,64,1,0,9
chacha20_poly1305_encrypt,C,base,8,268.925,1000,1,pmc,cntvct,0,0,0,0,279405,0,1025,16974,78992,16,64,1,0,9
chacha20_poly1305_encrypt,B,base,8,305.653,1000,0,pmc,cntvct,0,0,0,0,317606,0,1025,20025,79248,16,64,1,0,9
chacha20_poly1305_encrypt,T,base,8,268.275,1000,0,pmc,cntvct,0,0,0,0,278919,0,1025,17511,79248,16,64,1,0,9
chacha20_poly1305_encrypt,P,taint,8,530.271,1000,0,pmc,cntvct,0,0,0,0,551396,0,1025,36280,80160,16,64,1,0,9
chacha20_poly1305_encrypt,Z,taintnop,8,260.432,1000,0,pmc,cntvct,0,0,0,0,273681,0,1025,17047,80080,16,64,1,0,9
chacha20_poly1305_encrypt,A,base,8,257.037,1000,0,pmc,cntvct,0,0,0,0,267386,0,1025,16934,78992,16,64,1,0,9
chacha20_poly1305_encrypt,B,base,9,300.095,1000,0,pmc,cntvct,0,0,0,0,311946,0,1025,20051,79248,16,64,1,0,9
chacha20_poly1305_encrypt,T,base,9,259.350,1000,0,pmc,cntvct,0,0,0,0,270536,0,1025,16828,79248,16,64,1,0,9
chacha20_poly1305_encrypt,P,taint,9,538.083,1000,0,pmc,cntvct,0,0,0,0,559498,0,1025,36621,80160,16,64,1,0,9
chacha20_poly1305_encrypt,Z,taintnop,9,262.938,1000,0,pmc,cntvct,0,0,0,0,276395,0,1025,17006,80080,16,64,1,0,9
chacha20_poly1305_encrypt,A,base,9,269.492,1000,0,pmc,cntvct,0,0,0,0,279990,0,1025,17519,78992,16,64,1,0,9
chacha20_poly1305_encrypt,C,base,9,278.365,1000,1,pmc,cntvct,0,0,0,0,289104,0,1025,17768,78993,16,64,1,0,9
chacha20_poly1305_encrypt,T,base,10,258.351,1000,0,pmc,cntvct,0,0,0,0,269159,0,1025,16821,79248,16,64,1,0,9
chacha20_poly1305_encrypt,P,taint,10,533.714,1000,0,pmc,cntvct,0,0,0,0,554523,0,1025,36272,80160,16,64,1,0,9
chacha20_poly1305_encrypt,Z,taintnop,10,259.708,1000,0,pmc,cntvct,0,0,0,0,272934,0,1025,17111,80080,16,64,1,0,9
chacha20_poly1305_encrypt,A,base,10,257.839,1000,0,pmc,cntvct,0,0,0,0,268172,0,1025,16938,78992,16,64,1,0,9
chacha20_poly1305_encrypt,C,base,10,270.348,1000,1,pmc,cntvct,0,0,0,0,280763,0,1025,17030,78992,16,64,1,0,9
chacha20_poly1305_encrypt,B,base,10,307.186,1000,0,pmc,cntvct,0,0,0,0,320355,0,1025,20035,79248,16,64,1,0,9
chacha20_poly1305_encrypt,P,taint,11,535.481,1000,0,pmc,cntvct,0,0,0,0,555874,0,1025,36367,80160,16,64,1,0,9
chacha20_poly1305_encrypt,Z,taintnop,11,270.635,1000,0,pmc,cntvct,0,0,0,0,283507,0,1025,17675,80080,16,64,1,0,9
chacha20_poly1305_encrypt,A,base,11,256.572,1000,0,pmc,cntvct,0,0,0,0,266781,0,1025,16862,78992,16,64,1,0,9
chacha20_poly1305_encrypt,C,base,11,269.240,1000,1,pmc,cntvct,0,0,0,0,279738,0,1025,16863,78992,16,64,1,0,9
chacha20_poly1305_encrypt,B,base,11,300.509,1000,0,pmc,cntvct,0,0,0,0,312551,0,1025,19992,79249,16,64,1,0,9
chacha20_poly1305_encrypt,T,base,11,260.803,1000,0,pmc,cntvct,0,0,0,0,272720,0,1025,16843,79248,16,64,1,0,9
chacha20_poly1305_encrypt,Z,taintnop,12,264.038,1000,0,pmc,cntvct,0,0,0,0,277369,0,1025,16930,80080,16,64,1,0,9
chacha20_poly1305_encrypt,A,base,12,259.157,1000,0,pmc,cntvct,0,0,0,0,269718,0,1025,16890,78992,16,64,1,0,9
chacha20_poly1305_encrypt,C,base,12,269.161,1000,1,pmc,cntvct,0,0,0,0,279913,0,1025,16912,78992,16,64,1,0,9
chacha20_poly1305_encrypt,B,base,12,299.394,1000,0,pmc,cntvct,0,0,0,0,312393,0,1025,20068,79248,16,64,1,0,9
chacha20_poly1305_encrypt,T,base,12,272.349,1000,0,pmc,cntvct,0,0,0,0,282934,0,1025,17693,79248,16,64,1,0,9
chacha20_poly1305_encrypt,P,taint,12,539.178,1000,0,pmc,cntvct,0,0,0,0,559072,0,1025,36463,80160,16,64,1,0,9
chacha20_poly1305_encrypt,A,base,13,261.930,1000,0,pmc,cntvct,0,0,0,0,273364,0,1025,16923,78992,16,64,1,0,9
chacha20_poly1305_encrypt,C,base,13,266.865,1000,1,pmc,cntvct,0,0,0,0,277546,0,1025,16830,78992,16,64,1,0,9
chacha20_poly1305_encrypt,B,base,13,315.682,1000,0,pmc,cntvct,0,0,0,0,329073,0,1025,20113,79248,16,64,1,0,9
chacha20_poly1305_encrypt,T,base,13,258.487,1000,0,pmc,cntvct,0,0,0,0,268882,0,1025,16885,79248,16,64,1,0,9
chacha20_poly1305_encrypt,P,taint,13,533.232,1000,0,pmc,cntvct,0,0,0,0,552456,0,1025,36390,80160,16,64,1,0,9
chacha20_poly1305_encrypt,Z,taintnop,13,259.499,1000,0,pmc,cntvct,0,0,0,0,272393,0,1025,17023,80080,16,64,1,0,9
chacha20_poly1305_encrypt,C,base,14,279.384,1000,1,pmc,cntvct,0,0,0,0,290697,0,1025,17584,78992,16,64,1,0,9
chacha20_poly1305_encrypt,B,base,14,304.580,1000,0,pmc,cntvct,0,0,0,0,316179,0,1025,20018,79248,16,64,1,0,9
chacha20_poly1305_encrypt,T,base,14,263.313,1000,0,pmc,cntvct,0,0,0,0,273763,0,1025,16900,79248,16,64,1,0,9
chacha20_poly1305_encrypt,P,taint,14,531.789,1000,0,pmc,cntvct,0,0,0,0,551511,0,1025,36137,80160,16,64,1,0,9
chacha20_poly1305_encrypt,Z,taintnop,14,275.734,1000,0,pmc,cntvct,0,0,0,0,288860,0,1025,17605,80080,16,64,1,0,9
chacha20_poly1305_encrypt,A,base,14,258.519,1000,0,pmc,cntvct,0,0,0,0,268561,0,1025,16857,78992,16,64,1,0,9
chacha20_poly1305_encrypt,B,base,15,305.146,1000,0,pmc,cntvct,0,0,0,0,317476,0,1025,20060,79247,16,64,1,0,9
chacha20_poly1305_encrypt,T,base,15,269.074,1000,0,pmc,cntvct,0,0,0,0,279866,0,1025,17550,79248,16,64,1,0,9
chacha20_poly1305_encrypt,P,taint,15,534.200,1000,0,pmc,cntvct,0,0,0,0,554321,0,1025,36397,80160,16,64,1,0,9
chacha20_poly1305_encrypt,Z,taintnop,15,259.146,1000,0,pmc,cntvct,0,0,0,0,271707,0,1025,17119,80080,16,64,1,0,9
chacha20_poly1305_encrypt,A,base,15,256.429,1000,0,pmc,cntvct,0,0,0,0,267179,0,1025,16915,78992,16,64,1,0,9
chacha20_poly1305_encrypt,C,base,15,269.487,1000,1,pmc,cntvct,0,0,0,0,280906,0,1025,16994,78993,16,64,1,0,9
chacha20_poly1305_decrypt,A,base,1,275.926,1000,0,pmc,cntvct,0,0,0,0,283509,0,1025,18508,83200,16,64,1,0,9
chacha20_poly1305_decrypt,C,base,1,284.962,1000,1,pmc,cntvct,0,0,0,0,292379,0,1025,19750,83200,16,64,1,0,9
chacha20_poly1305_decrypt,B,base,1,314.849,1000,0,pmc,cntvct,0,0,0,0,322976,0,1025,21802,83456,16,64,1,0,9
chacha20_poly1305_decrypt,T,base,1,274.352,1000,0,pmc,cntvct,0,0,0,0,281727,0,1025,18818,83456,16,64,1,0,9
chacha20_poly1305_decrypt,P,taint,1,519.104,1000,0,pmc,cntvct,0,0,0,0,534437,0,1025,36635,84368,16,64,1,0,9
chacha20_poly1305_decrypt,Z,taintnop,1,261.615,1000,0,pmc,cntvct,0,0,0,0,268785,0,1025,17768,84528,16,64,1,0,9
chacha20_poly1305_decrypt,C,base,2,275.274,1000,1,pmc,cntvct,0,0,0,0,282482,0,1025,18899,83200,16,64,1,0,9
chacha20_poly1305_decrypt,B,base,2,305.797,1000,0,pmc,cntvct,0,0,0,0,314186,0,1025,22257,83455,16,64,1,0,9
chacha20_poly1305_decrypt,T,base,2,276.597,1000,0,pmc,cntvct,0,0,0,0,284307,0,1025,19521,83456,16,64,1,0,9
chacha20_poly1305_decrypt,P,taint,2,515.302,1000,0,pmc,cntvct,0,0,0,0,528990,0,1025,36466,84368,16,64,1,0,9
chacha20_poly1305_decrypt,Z,taintnop,2,260.105,1000,0,pmc,cntvct,0,0,0,0,267434,0,1025,17704,84528,16,64,1,0,9
chacha20_poly1305_decrypt,A,base,2,275.960,1000,0,pmc,cntvct,0,0,0,0,283518,0,1025,19104,83200,16,64,1,0,9
chacha20_poly1305_decrypt,B,base,3,305.893,1000,0,pmc,cntvct,0,0,0,0,314183,0,1025,21071,83456,16,64,1,0,9
chacha20_poly1305_decrypt,T,base,3,274.537,1000,0,pmc,cntvct,0,0,0,0,281953,0,1025,18906,83457,16,64,1,0,9
chacha20_poly1305_decrypt,P,taint,3,517.105,1000,0,pmc,cntvct,0,0,0,0,531149,0,1025,36583,84368,16,64,1,0,9
chacha20_poly1305_decrypt,Z,taintnop,3,261.169,1000,0,pmc,cntvct,0,0,0,0,268589,0,1025,17666,84528,16,64,1,0,9
chacha20_poly1305_decrypt,A,base,3,274.606,1000,0,pmc,cntvct,0,0,0,0,282024,0,1025,18698,83200,16,64,1,0,9
chacha20_poly1305_decrypt,C,base,3,279.021,1000,1,pmc,cntvct,0,0,0,0,286731,0,1025,18901,83200,16,64,1,0,9
chacha20_poly1305_decrypt,T,base,4,273.243,1000,0,pmc,cntvct,0,0,0,0,280829,0,1025,18982,83456,16,64,1,0,9
chacha20_poly1305_decrypt,P,taint,4,517.757,1000,0,pmc,cntvct,0,0,0,0,531357,0,1025,36707,84367,16,64,1,0,9
chacha20_poly1305_decrypt,Z,taintnop,4,259.432,1000,0,pmc,cntvct,0,0,0,0,266808,0,1025,17799,84528,16,64,1,0,9
chacha20_poly1305_decrypt,A,base,4,273.449,1000,0,pmc,cntvct,0,0,0,0,280990,0,1025,18766,83200,16,64,1,0,9
chacha20_poly1305_decrypt,C,base,4,275.214,1000,1,pmc,cntvct,0,0,0,0,283048,0,1025,19085,83200,16,64,1,0,9
chacha20_poly1305_decrypt,B,base,4,311.324,1000,0,pmc,cntvct,0,0,0,0,319491,0,1025,21830,83456,16,64,1,0,9
chacha20_poly1305_decrypt,P,taint,5,518.545,1000,0,pmc,cntvct,0,0,0,0,532294,0,1025,36688,84368,16,64,1,0,9
chacha20_poly1305_decrypt,Z,taintnop,5,259.840,1000,0,pmc,cntvct,0,0,0,0,267009,0,1025,17760,84528,16,64,1,0,9
chacha20_poly1305_decrypt,A,base,5,273.914,1000,0,pmc,cntvct,0,0,0,0,281540,0,1025,18907,83200,16,64,1,0,9
chacha20_poly1305_decrypt,C,base,5,275.576,1000,1,pmc,cntvct,0,0,0,0,283120,0,1025,19029,83200,16,64,1,0,9
chacha20_poly1305_decrypt,B,base,5,305.105,1000,0,pmc,cntvct,0,0,0,0,313357,0,1025,21418,83456,16,64,1,0,9
chacha20_poly1305_decrypt,T,base,5,273.937,1000,0,pmc,cntvct,0,0,0,0,281396,0,1025,18944,83456,16,64,1,0,9
chacha20_poly1305_decrypt,Z,taintnop,6,272.568,1000,0,pmc,cntvct,0,0,0,0,280234,0,1025,18701,84528,16,64,1,0,9
chacha20_poly1305_decrypt,A,base,6,277.918,1000,0,pmc,cntvct,0,0,0,0,285210,0,1025,19468,83200,16,64,1,0,9
chacha20_poly1305_decrypt,C,base,6,276.350,1000,1,pmc,cntvct,0,0,0,0,283595,0,1025,18963,83199,16,64,1,0,9
chacha20_poly1305_decrypt,B,base,6,305.724,1000,0,pmc,cntvct,0,0,0,0,314519,0,1025,21916,83455,16,64,1,0,9
chacha20_poly1305_decrypt,T,base,6,277.540,1000,0,pmc,cntvct,0,0,0,0,284830,0,1025,19513,83456,16,64,1,0,9
chacha20_poly1305_decrypt,P,taint,6,517.428,1000,0,pmc,cntvct,0,0,0,0,531472,0,1025,36641,84368,16,64,1,0,9
chacha20_poly1305_decrypt,A,base,7,274.685,1000,0,pmc,cntvct,0,0,0,0,282286,0,1025,18242,83200,16,64,1,0,9
chacha20_poly1305_decrypt,C,base,7,274.814,1000,1,pmc,cntvct,0,0,0,0,282441,0,1025,19086,83200,16,64,1,0,9
chacha20_poly1305_decrypt,B,base,7,304.526,1000,0,pmc,cntvct,0,0,0,0,312775,0,1025,21742,83457,16,64,1,0,9
chacha20_poly1305_decrypt,T,base,7,276.498,1000,0,pmc,cntvct,0,0,0,0,283916,0,1025,18968,83456,16,64,1,0,9
chacha20_poly1305_decrypt,P,taint,7,517.313,1000,0,pmc,cntvct,0,0,0,0,530980,0,1025,36635,84367,16,64,1,0,9
chacha20_poly1305_decrypt,Z,taintnop,7,260.646,1000,0,pmc,cntvct,0,0,0,0,267899,0,1025,17674,84528,16,64,1,0,9
chacha20_poly1305_decrypt,C,base,8,275.657,1000,1,pmc,cntvct,0,0,0,0,283115,0,1025,19198,83200,16,64,1,0,9
chacha20_poly1305_decrypt,B,base,8,310.079,1000,0,pmc,cntvct,0,0,0,0,318055,0,1025,22262,83456,16,64,1,0,9
chacha20_poly1305_decrypt,T,base,8,276.331,1000,0,pmc,cntvct,0,0,0,0,284164,0,1025,19415,83456,16,64,1,0,9
chacha20_poly1305_decrypt,P,taint,8,522.632,1000,0,pmc,cntvct,0,0,0,0,536045,0,1025,36660,84368,16,64,1,0,9
chacha20_poly1305_decrypt,Z,taintnop,8,260.943,1000,0,pmc,cntvct,0,0,0,0,268234,0,1025,17839,84528,16,64,1,0,9
chacha20_poly1305_decrypt,A,base,8,274.909,1000,0,pmc,cntvct,0,0,0,0,282284,0,1025,18590,83200,16,64,1,0,9
chacha20_poly1305_decrypt,B,base,9,304.629,1000,0,pmc,cntvct,0,0,0,0,312959,0,1025,21912,83456,16,64,1,0,9
chacha20_poly1305_decrypt,T,base,9,273.988,1000,0,pmc,cntvct,0,0,0,0,281616,0,1025,19110,83456,16,64,1,0,9
chacha20_poly1305_decrypt,P,taint,9,520.260,1000,0,pmc,cntvct,0,0,0,0,533714,0,1025,36821,84368,16,64,1,0,9
chacha20_poly1305_decrypt,Z,taintnop,9,259.602,1000,0,pmc,cntvct,0,0,0,0,266933,0,1025,17736,84528,16,64,1,0,9
chacha20_poly1305_decrypt,A,base,9,277.880,1000,0,pmc,cntvct,0,0,0,0,286168,0,1025,18845,83200,16,64,1,0,9
chacha20_poly1305_decrypt,C,base,9,274.434,1000,1,pmc,cntvct,0,0,0,0,282228,0,1025,19156,83200,16,64,1,0,9
chacha20_poly1305_decrypt,T,base,10,272.827,1000,0,pmc,cntvct,0,0,0,0,280328,0,1025,18567,83456,16,64,1,0,9
chacha20_poly1305_decrypt,P,taint,10,519.501,1000,0,pmc,cntvct,0,0,0,0,533243,0,1025,36665,84368,16,64,1,0,9
chacha20_poly1305_decrypt,Z,taintnop,10,261.723,1000,0,pmc,cntvct,0,0,0,0,269392,0,1025,17749,84529,16,64,1,0,9
chacha20_poly1305_decrypt,A,base,10,274.730,1000,0,pmc,cntvct,0,0,0,0,282288,0,1025,18564,83200,16,64,1,0,9
chacha20_poly1305_decrypt,C,base,10,277.598,1000,1,pmc,cntvct,0,0,0,0,285140,0,1025,18898,83200,16,64,1,0,9
chacha20_poly1305_decrypt,B,base,10,306.095,1000,0,pmc,cntvct,0,0,0,0,314177,0,1025,21996,83455,16,64,1,0,9
chacha20_poly1305_decrypt,P,taint,11,521.058,1000,0,pmc,cntvct,0,0,0,0,534847,0,1025,36712,84368,16,64,1,0,9
chacha20_poly1305_decrypt,Z,taintnop,11,259.554,1000,0,pmc,cntvct,0,0,0,0,266679,0,1025,17855,84528,16,64,1,0,9
chacha20_poly1305_decrypt,A,base,11,273.378,1000,0,pmc,cntvct,0,0,0,0,280670,0,1025,18450,83200,16,64,1,0,9
chacha20_poly1305_decrypt,C,base,11,281.615,1000,1,pmc,cntvct,0,0,0,0,289277,0,1025,19631,83200,16,64,1,0,9
chacha20_poly1305_decrypt,B,base,11,304.902,1000,0,pmc,cntvct,0,0,0,0,313212,0,1025,21420,83456,16,64,1,0,9
chacha20_poly1305_decrypt,T,base,11,275.812,1000,0,pmc,cntvct,0,0,0,0,283311,0,1025,19093,83456,16,64,1,0,9
chacha20_poly1305_decrypt,Z,taintnop,12,268.582,1000,0,pmc,cntvct,0,0,0,0,275957,0,1025,18741,84528,16,64,1,0,9
chacha20_poly1305_decrypt,A,base,12,272.781,1000,0,pmc,cntvct,0,0,0,0,280158,0,1025,18676,83200,16,64,1,0,9
chacha20_poly1305_decrypt,C,base,12,275.106,1000,1,pmc,cntvct,0,0,0,0,282774,0,1025,18905,83200,16,64,1,0,9
chacha20_poly1305_decrypt,B,base,12,311.558,1000,0,pmc,cntvct,0,0,0,0,320241,0,1025,22504,83456,16,64,1,0,9
chacha20_poly1305_decrypt,T,base,12,276.686,1000,0,pmc,cntvct,0,0,0,0,283937,0,1025,18914,83456,16,64,1,0,9
chacha20_poly1305_decrypt,P,taint,12,521.145,1000,0,pmc,cntvct,0,0,0,0,535020,0,1025,36870,84368,16,64,1,0,9
chacha20_poly1305_decrypt,A,base,13,272.271,1000,0,pmc,cntvct,0,0,0,0,279813,0,1025,18426,83200,16,64,1,0,9
chacha20_poly1305_decrypt,C,base,13,276.575,1000,1,pmc,cntvct,0,0,0,0,284173,0,1025,18945,83200,16,64,1,0,9
chacha20_poly1305_decrypt,B,base,13,305.155,1000,0,pmc,cntvct,0,0,0,0,313241,0,1025,22243,83456,16,64,1,0,9
chacha20_poly1305_decrypt,T,base,13,275.286,1000,0,pmc,cntvct,0,0,0,0,282911,0,1025,18807,83456,16,64,1,0,9
chacha20_poly1305_decrypt,P,taint,13,527.439,1000,0,pmc,cntvct,0,0,0,0,541313,0,1025,37250,84368,16,64,1,0,9
chacha20_poly1305_decrypt,Z,taintnop,13,260.604,1000,0,pmc,cntvct,0,0,0,0,267851,0,1025,17758,84528,16,64,1,0,9
chacha20_poly1305_decrypt,C,base,14,274.176,1000,1,pmc,cntvct,0,0,0,0,281528,0,1025,19111,83200,16,64,1,0,9
chacha20_poly1305_decrypt,B,base,14,310.856,1000,0,pmc,cntvct,0,0,0,0,319082,0,1025,21465,83456,16,64,1,0,9
chacha20_poly1305_decrypt,T,base,14,279.345,1000,0,pmc,cntvct,0,0,0,0,287108,0,1025,19387,83456,16,64,1,0,9
chacha20_poly1305_decrypt,P,taint,14,524.186,1000,0,pmc,cntvct,0,0,0,0,537808,0,1025,36678,84368,16,64,1,0,9
chacha20_poly1305_decrypt,Z,taintnop,14,263.905,1000,0,pmc,cntvct,0,0,0,0,271239,0,1025,17774,84528,16,64,1,0,9
chacha20_poly1305_decrypt,A,base,14,276.633,1000,0,pmc,cntvct,0,0,0,0,284174,0,1025,19229,83200,16,64,1,0,9
chacha20_poly1305_decrypt,B,base,15,305.067,1000,0,pmc,cntvct,0,0,0,0,313335,0,1025,21440,83456,16,64,1,0,9
chacha20_poly1305_decrypt,T,base,15,274.536,1000,0,pmc,cntvct,0,0,0,0,282158,0,1025,18743,83456,16,64,1,0,9
chacha20_poly1305_decrypt,P,taint,15,516.485,1000,0,pmc,cntvct,0,0,0,0,530023,0,1025,36611,84368,16,64,1,0,9
chacha20_poly1305_decrypt,Z,taintnop,15,259.794,1000,0,pmc,cntvct,0,0,0,0,266894,0,1025,17745,84528,16,64,1,0,9
chacha20_poly1305_decrypt,A,base,15,276.424,1000,0,pmc,cntvct,0,0,0,0,284007,0,1025,19119,83200,16,64,1,0,9
chacha20_poly1305_decrypt,C,base,15,273.260,1000,1,pmc,cntvct,0,0,0,0,280928,0,1025,19196,83200,16,64,1,0,9
aesni256gcm_encrypt,A,base,1,62.303,1000,0,pmc,cntvct,0,0,0,0,131171,0,1025,4031,20112,16,64,1,0,9
aesni256gcm_encrypt,C,base,1,61.209,1000,1,pmc,cntvct,0,0,0,0,69810,0,1025,4049,20112,16,64,1,0,9
aesni256gcm_encrypt,B,base,1,111.276,1000,0,pmc,cntvct,0,0,0,0,231973,0,1025,7574,20448,16,64,1,0,9
aesni256gcm_encrypt,T,base,1,62.224,1000,0,pmc,cntvct,0,0,0,0,127987,0,1025,4362,20368,16,64,1,0,9
aesni256gcm_encrypt,P,taint,1,106.734,1000,0,pmc,cntvct,0,0,0,0,215762,0,1025,7005,20144,16,64,1,0,9
aesni256gcm_encrypt,Z,taintnop,1,61.428,1000,0,pmc,cntvct,0,0,0,0,252907,0,1025,4041,20144,16,64,1,0,9
aesni256gcm_encrypt,C,base,2,61.144,1000,1,pmc,cntvct,0,0,0,0,69224,0,1025,4121,20113,16,64,1,0,9
aesni256gcm_encrypt,B,base,2,110.182,1000,0,pmc,cntvct,0,0,0,0,119909,0,1025,7891,20448,16,64,1,0,9
aesni256gcm_encrypt,T,base,2,63.381,1000,0,pmc,cntvct,0,0,0,0,72378,0,1025,4478,20369,16,64,1,0,9
aesni256gcm_encrypt,P,taint,2,103.107,1000,0,pmc,cntvct,0,0,0,0,115962,0,1025,6985,20144,16,64,1,0,9
aesni256gcm_encrypt,Z,taintnop,2,64.435,1000,0,pmc,cntvct,0,0,0,0,75456,0,1025,4148,20144,16,64,1,0,9
aesni256gcm_encrypt,A,base,2,59.941,1000,0,pmc,cntvct,0,0,0,0,68152,0,1025,4069,20112,16,64,1,0,9
aesni256gcm_encrypt,B,base,3,115.100,1000,0,pmc,cntvct,0,0,0,0,124016,0,1025,7801,20448,16,64,1,0,9
aesni256gcm_encrypt,T,base,3,63.429,1000,0,pmc,cntvct,0,0,0,0,72262,0,1025,4291,20369,16,64,1,0,9
aesni256gcm_encrypt,P,taint,3,102.771,1000,0,pmc,cntvct,0,0,0,0,115413,0,1025,7037,20144,16,64,1,0,9
aesni256gcm_encrypt,Z,taintnop,3,61.215,1000,0,pmc,cntvct,0,0,0,0,71231,0,1025,3953,20146,16,64,1,0,9
aesni256gcm_encrypt,A,base,3,62.938,1000,0,pmc,cntvct,0,0,0,0,70535,0,1025,4030,20112,16,64,1,0,9
aesni256gcm_encrypt,C,base,3,61.415,1000,1,pmc,cntvct,0,0,0,0,69161,0,1025,4013,20112,16,64,1,0,9
aesni256gcm_encrypt,T,base,4,63.457,1000,0,pmc,cntvct,0,0,0,0,72380,0,1025,4109,20368,16,64,1,0,9
aesni256gcm_encrypt,P,taint,4,101.988,1000,0,pmc,cntvct,0,0,0,0,114446,0,1025,6981,20144,16,64,1,0,9
aesni256gcm_encrypt,Z,taintnop,4,60.144,1000,0,pmc,cntvct,0,0,0,0,71181,0,1025,3972,20144,16,64,1,0,9
aesni256gcm_encrypt,A,base,4,61.249,1000,0,pmc,cntvct,0,0,0,0,68853,0,1025,4062,20113,16,64,1,0,9
aesni256gcm_encrypt,C,base,4,62.376,1000,1,pmc,cntvct,0,0,0,0,69542,0,1025,4196,20112,16,64,1,0,9
aesni256gcm_encrypt,B,base,4,110.450,1000,0,pmc,cntvct,0,0,0,0,119617,0,1025,7634,20448,16,64,1,0,9
aesni256gcm_encrypt,P,taint,5,101.010,1000,0,pmc,cntvct,0,0,0,0,113844,0,1025,6970,20144,16,64,1,0,9
aesni256gcm_encrypt,Z,taintnop,5,59.443,1000,0,pmc,cntvct,0,0,0,0,69333,0,1025,4024,20144,16,64,1,0,9
aesni256gcm_encrypt,A,base,5,63.935,1000,0,pmc,cntvct,0,0,0,0,71518,0,1025,4265,20113,16,64,1,0,9
aesni256gcm_encrypt,C,base,5,58.691,1000,1,pmc,cntvct,0,0,0,0,66482,0,1025,4029,20112,16,64,1,0,9
aesni256gcm_encrypt,B,base,5,112.794,1000,0,pmc,cntvct,0,0,0,0,122455,0,1025,7587,20448,16,64,1,0,9
aesni256gcm_encrypt,T,base,5,66.679,1000,0,pmc,cntvct,0,0,0,0,76268,0,1025,4346,20368,16,64,1,0,9
aesni256gcm_encrypt,Z,taintnop,6,60.731,1000,0,pmc,cntvct,0,0,0,0,72191,0,1025,3984,20144,16,64,1,0,9
aesni256gcm_encrypt,A,base,6,63.329,1000,0,pmc,cntvct,0,0,0,0,70935,0,1025,4205,20113,16,64,1,0,9
aesni256gcm_encrypt,C,base,6,61.157,1000,1,pmc,cntvct,0,0,0,0,69070,0,1025,3983,20113,16,64,1,0,9
aesni256gcm_encrypt,B,base,6,109.810,1000,0,pmc,cntvct,0,0,0,0,119537,0,1025,7607,20448,16,64,1,0,9
aesni256gcm_encrypt,T,base,6,62.671,1000,0,pmc,cntvct,0,0,0,0,70833,0,1025,4208,20368,16,64,1,0,9
aesni256gcm_encrypt,P,taint,6,102.518,1000,0,pmc,cntvct,0,0,0,0,114535,0,1025,6956,20144,16,64,1,0,9
aesni256gcm_encrypt,A,base,7,60.682,1000,0,pmc,cntvct,0,0,0,0,69017,0,1025,4034,20112,16,64,1,0,9
aesni256gcm_encrypt,C,base,7,63.480,1000,1,pmc,cntvct,0,0,0,0,70955,0,1025,4201,20112,16,64,1,0,9
aesni256gcm_encrypt,B,base,7,110.461,1000,0,pmc,cntvct,0,0,0,0,120253,0,1025,7712,20448,16,64,1,0,9
aesni256gcm_encrypt,T,base,7,63.389,1000,0,pmc,cntvct,0,0,0,0,71010,0,1025,4323,20368,16,64,1,0,9
aesni256gcm_encrypt,P,taint,7,103.484,1000,0,pmc,cntvct,0,0,0,0,115418,0,1025,6930,20143,16,64,1,0,9
aesni256gcm_encrypt,Z,taintnop,7,59.934,1000,0,pmc,cntvct,0,0,0,0,70602,0,1025,4035,20144,16,64,1,0,9
aesni256gcm_encrypt,C,base,8,58.617,1000,1,pmc,cntvct,0,0,0,0,65869,0,1025,3998,20113,16,64,1,0,9
aesni256gcm_encrypt,B,base,8,111.498,1000,0,pmc,cntvct,0,0,0,0,121789,0,1025,7616,20448,16,64,1,0,9
aesni256gcm_encrypt,T,base,8,62.500,1000,0,pmc,cntvct,0,0,0,0,69892,0,1025,4210,20368,16,64,1,0,9
aesni256gcm_encrypt,P,taint,8,100.900,1000,0,pmc,cntvct,0,0,0,0,112190,0,1025,6952,20144,16,64,1,0,9
aesni256gcm_encrypt,Z,taintnop,8,59.289,1000,0,pmc,cntvct,0,0,0,0,69413,0,1025,3942,20144,16,64,1,0,9
aesni256gcm_encrypt,A,base,8,61.865,1000,0,pmc,cntvct,0,0,0,0,70294,0,1025,4118,20112,16,64,1,0,9
aesni256gcm_encrypt,B,base,9,113.087,1000,0,pmc,cntvct,0,0,0,0,122295,0,1025,7956,20448,16,64,1,0,9
aesni256gcm_encrypt,T,base,9,61.399,1000,0,pmc,cntvct,0,0,0,0,68943,0,1025,4118,20369,16,64,1,0,9
aesni256gcm_encrypt,P,taint,9,102.131,1000,0,pmc,cntvct,0,0,0,0,113253,0,1025,6985,20144,16,64,1,0,9
aesni256gcm_encrypt,Z,taintnop,9,59.088,1000,0,pmc,cntvct,0,0,0,0,69387,0,1025,3888,20144,16,64,1,0,9
aesni256gcm_encrypt,A,base,9,59.484,1000,0,pmc,cntvct,0,0,0,0,68084,0,1025,4158,20112,16,64,1,0,9
aesni256gcm_encrypt,C,base,9,58.729,1000,1,pmc,cntvct,0,0,0,0,67707,0,1025,4001,20112,16,64,1,0,9
aesni256gcm_encrypt,T,base,10,61.049,1000,0,pmc,cntvct,0,0,0,0,71439,0,1025,4132,20368,16,64,1,0,9
aesni256gcm_encrypt,P,taint,10,100.944,1000,0,pmc,cntvct,0,0,0,0,113569,0,1025,6974,20144,16,64,1,0,9
aesni256gcm_encrypt,Z,taintnop,10,63.996,1000,0,pmc,cntvct,0,0,0,0,75086,0,1025,4079,20144,16,64,1,0,9
aesni256gcm_encrypt,A,base,10,61.402,1000,0,pmc,cntvct,0,0,0,0,68759,0,1025,4026,20112,16,64,1,0,9
aesni256gcm_encrypt,C,base,10,61.244,1000,1,pmc,cntvct,0,0,0,0,70033,0,1025,3982,20113,16,64,1,0,9
aesni256gcm_encrypt,B,base,10,113.400,1000,0,pmc,cntvct,0,0,0,0,123192,0,1025,7709,20448,16,64,1,0,9
aesni256gcm_encrypt,P,taint,11,102.151,1000,0,pmc,cntvct,0,0,0,0,114069,0,1025,7001,20144,16,64,1,0,9
aesni256gcm_encrypt,Z,taintnop,11,60.107,1000,0,pmc,cntvct,0,0,0,0,70194,0,1025,4022,20145,16,64,1,0,9
aesni256gcm_encrypt,A,base,11,61.262,1000,0,pmc,cntvct,0,0,0,0,68471,0,1025,4163,20113,16,64,1,0,9
aesni256gcm_encrypt,C,base,11,58.376,1000,1,pmc,cntvct,0,0,0,0,67454,0,1025,4021,20113,16,64,1,0,9
aesni256gcm_encrypt,B,base,11,111.268,1000,0,pmc,cntvct,0,0,0,0,120185,0,1025,7586,20448,16,64,1,0,9
aesni256gcm_encrypt,T,base,11,63.656,1000,0,pmc,cntvct,0,0,0,0,71492,0,1025,4393,20369,16,64,1,0,9
aesni256gcm_encrypt,Z,taintnop,12,57.827,1000,0,pmc,cntvct,0,0,0,0,67827,0,1025,3903,20144,16,64,1,0,9
aesni256gcm_encrypt,A,base,12,62.353,1000,0,pmc,cntvct,0,0,0,0,70309,0,1025,4086,20113,16,64,1,0,9
aesni256gcm_encrypt,C,base,12,62.453,1000,1,pmc,cntvct,0,0,0,0,71702,0,1025,4218,20112,16,64,1,0,9
aesni256gcm_encrypt,B,base,12,110.129,1000,0,pmc,cntvct,0,0,0,0,120021,0,1025,7616,20448,16,64,1,0,9
aesni256gcm_encrypt,T,base,12,64.743,1000,0,pmc,cntvct,0,0,0,0,72207,0,1025,4075,20368,16,64,1,0,9
aesni256gcm_encrypt,P,taint,12,99.848,1000,0,pmc,cntvct,0,0,0,0,110183,0,1025,6982,20144,16,64,1,0,9
aesni256gcm_encrypt,A,base,13,64.129,1000,0,pmc,cntvct,0,0,0,0,71380,0,1025,4286,20112,16,64,1,0,9
aesni256gcm_encrypt,C,base,13,62.545,1000,1,pmc,cntvct,0,0,0,0,71251,0,1025,3990,20112,16,64,1,0,9
aesni256gcm_encrypt,B,base,13,111.498,1000,0,pmc,cntvct,0,0,0,0,120914,0,1025,7609,20448,16,64,1,0,9
aesni256gcm_encrypt,T,base,13,60.852,1000,0,pmc,cntvct,0,0,0,0,68601,0,1025,4439,20368,16,64,1,0,9
aesni256gcm_encrypt,P,taint,13,102.182,1000,0,pmc,cntvct,0,0,0,0,112577,0,1025,6941,20144,16,64,1,0,9
aesni256gcm_encrypt,Z,taintnop,13,60.437,1000,0,pmc,cntvct,0,0,0,0,70438,0,1025,4313,20144,16,64,1,0,9
aesni256gcm_encrypt,C,base,14,61.075,1000,1,pmc,cntvct,0,0,0,0,69552,0,1025,4050,20112,16,64,1,0,9
aesni256gcm_encrypt,B,base,14,112.157,1000,0,pmc,cntvct,0,0,0,0,122615,0,1025,7712,20448,16,64,1,0,9
aesni256gcm_encrypt,T,base,14,64.464,1000,0,pmc,cntvct,0,0,0,0,72796,0,1025,4299,20368,16,64,1,0,9
aesni256gcm_encrypt,P,taint,14,100.100,1000,0,pmc,cntvct,0,0,0,0,111267,0,1025,6942,20144,16,64,1,0,9
aesni256gcm_encrypt,Z,taintnop,14,59.899,1000,0,pmc,cntvct,0,0,0,0,69227,0,1025,4051,20144,16,64,1,0,9
aesni256gcm_encrypt,A,base,14,60.861,1000,0,pmc,cntvct,0,0,0,0,70111,0,1025,4083,20112,16,64,1,0,9
aesni256gcm_encrypt,B,base,15,111.633,1000,0,pmc,cntvct,0,0,0,0,120510,0,1025,7610,20448,16,64,1,0,9
aesni256gcm_encrypt,T,base,15,64.745,1000,0,pmc,cntvct,0,0,0,0,72612,0,1025,4175,20368,16,64,1,0,9
aesni256gcm_encrypt,P,taint,15,102.661,1000,0,pmc,cntvct,0,0,0,0,114162,0,1025,6901,20144,16,64,1,0,9
aesni256gcm_encrypt,Z,taintnop,15,62.179,1000,0,pmc,cntvct,0,0,0,0,72052,0,1025,4108,20145,16,64,1,0,9
aesni256gcm_encrypt,A,base,15,60.701,1000,0,pmc,cntvct,0,0,0,0,69449,0,1025,4053,20112,16,64,1,0,9
aesni256gcm_encrypt,C,base,15,58.254,1000,1,pmc,cntvct,0,0,0,0,67335,0,1025,4030,20112,16,64,1,0,9
aesni256gcm_decrypt,A,base,1,86.223,1000,0,pmc,cntvct,0,0,0,0,88973,0,1025,4673,23969,16,64,1,0,9
aesni256gcm_decrypt,C,base,1,92.574,1000,1,pmc,cntvct,0,0,0,0,95948,0,1025,5019,23968,16,64,1,0,9
aesni256gcm_decrypt,B,base,1,148.326,1000,0,pmc,cntvct,0,0,0,0,152410,0,1025,10283,24144,16,64,1,0,9
aesni256gcm_decrypt,T,base,1,88.748,1000,0,pmc,cntvct,0,0,0,0,91415,0,1025,4895,24224,16,64,1,0,9
aesni256gcm_decrypt,P,taint,1,141.218,1000,0,pmc,cntvct,0,0,0,0,145759,0,1025,9631,24000,16,64,1,0,9
aesni256gcm_decrypt,Z,taintnop,1,82.223,1000,0,pmc,cntvct,0,0,0,0,85095,0,1025,4828,24001,16,64,1,0,9
aesni256gcm_decrypt,C,base,2,92.486,1000,1,pmc,cntvct,0,0,0,0,95859,0,1025,4902,23969,16,64,1,0,9
aesni256gcm_decrypt,B,base,2,148.038,1000,0,pmc,cntvct,0,0,0,0,152329,0,1025,10292,24145,16,64,1,0,9
aesni256gcm_decrypt,T,base,2,88.555,1000,0,pmc,cntvct,0,0,0,0,91890,0,1025,4936,24224,16,64,1,0,9
aesni256gcm_decrypt,P,taint,2,140.032,1000,0,pmc,cntvct,0,0,0,0,144739,0,1025,9731,24000,16,64,1,0,9
aesni256gcm_decrypt,Z,taintnop,2,85.652,1000,0,pmc,cntvct,0,0,0,0,88901,0,1025,4671,24000,16,64,1,0,9
aesni256gcm_decrypt,A,base,2,87.607,1000,0,pmc,cntvct,0,0,0,0,90817,0,1025,4862,23968,16,64,1,0,9
aesni256gcm_decrypt,B,base,3,148.129,1000,0,pmc,cntvct,0,0,0,0,152753,0,1025,10227,24144,16,64,1,0,9
aesni256gcm_decrypt,T,base,3,86.196,1000,0,pmc,cntvct,0,0,0,0,89483,0,1025,5007,24225,16,64,1,0,9
aesni256gcm_decrypt,P,taint,3,139.195,1000,0,pmc,cntvct,0,0,0,0,143447,0,1025,9686,24001,16,64,1,0,9
aesni256gcm_decrypt,Z,taintnop,3,83.597,1000,0,pmc,cntvct,0,0,0,0,86560,0,1025,4856,24000,16,64,1,0,9
aesni256gcm_decrypt,A,base,3,87.454,1000,0,pmc,cntvct,0,0,0,0,90829,0,1025,4820,23968,16,64,1,0,9
aesni256gcm_decrypt,C,base,3,92.651,1000,1,pmc,cntvct,0,0,0,0,96026,0,1025,4850,23968,16,64,1,0,9
aesni256gcm_decrypt,T,base,4,87.849,1000,0,pmc,cntvct,0,0,0,0,91681,0,1025,5060,24224,16,64,1,0,9
aesni256gcm_decrypt,P,taint,4,140.653,1000,0,pmc,cntvct,0,0,0,0,145110,0,1025,9632,24000,16,64,1,0,9
aesni256gcm_decrypt,Z,taintnop,4,84.318,1000,0,pmc,cntvct,0,0,0,0,87571,0,1025,4792,24001,16,64,1,0,9
aesni256gcm_decrypt,A,base,4,81.525,1000,0,pmc,cntvct,0,0,0,0,84774,0,1025,4799,23968,16,64,1,0,9
aesni256gcm_decrypt,C,base,4,92.667,1000,1,pmc,cntvct,0,0,0,0,96044,0,1025,5336,23968,16,64,1,0,9
aesni256gcm_decrypt,B,base,4,149.780,1000,0,pmc,cntvct,0,0,0,0,154322,0,1025,10242,24144,16,64,1,0,9
aesni256gcm_decrypt,P,taint,5,140.483,1000,0,pmc,cntvct,0,0,0,0,144857,0,1025,9663,24000,16,64,1,0,9
aesni256gcm_decrypt,Z,taintnop,5,84.499,1000,0,pmc,cntvct,0,0,0,0,87246,0,1025,4777,24000,16,64,1,0,9
aesni256gcm_decrypt,A,base,5,85.058,1000,0,pmc,cntvct,0,0,0,0,88686,0,1025,5079,23968,16,64,1,0,9
aesni256gcm_decrypt,C,base,5,93.834,1000,1,pmc,cntvct,0,0,0,0,97208,0,1025,4950,23969,16,64,1,0,9
aesni256gcm_decrypt,B,base,5,153.324,1000,0,pmc,cntvct,0,0,0,0,158204,0,1025,10267,24144,16,64,1,0,9
aesni256gcm_decrypt,T,base,5,89.224,1000,0,pmc,cntvct,0,0,0,0,92641,0,1025,4935,24224,16,64,1,0,9
aesni256gcm_decrypt,Z,taintnop,6,82.426,1000,0,pmc,cntvct,0,0,0,0,85758,0,1025,4720,24000,16,64,1,0,9
aesni256gcm_decrypt,A,base,6,83.845,1000,0,pmc,cntvct,0,0,0,0,87259,0,1025,4773,23968,16,64,1,0,9
aesni256gcm_decrypt,C,base,6,94.168,1000,1,pmc,cntvct,0,0,0,0,99208,0,1025,5194,23968,16,64,1,0,9
aesni256gcm_decrypt,B,base,6,148.510,1000,0,pmc,cntvct,0,0,0,0,153469,0,1025,10286,24143,16,64,1,0,9
aesni256gcm_decrypt,T,base,6,87.860,1000,0,pmc,cntvct,0,0,0,0,91775,0,1025,4971,24228,16,64,1,0,9
aesni256gcm_decrypt,P,taint,6,140.223,1000,0,pmc,cntvct,0,0,0,0,144657,0,1025,9608,24000,16,64,1,0,9
aesni256gcm_decrypt,A,base,7,81.464,1000,0,pmc,cntvct,0,0,0,0,85176,0,1025,4877,23969,16,64,1,0,9
aesni256gcm_decrypt,C,base,7,93.453,1000,1,pmc,cntvct,0,0,0,0,97165,0,1025,5040,23969,16,64,1,0,9
aesni256gcm_decrypt,B,base,7,149.663,1000,0,pmc,cntvct,0,0,0,0,154623,0,1025,10307,24144,16,64,1,0,9
aesni256gcm_decrypt,T,base,7,89.650,1000,0,pmc,cntvct,0,0,0,0,93154,0,1025,5236,24225,16,64,1,0,9
aesni256gcm_decrypt,P,taint,7,140.123,1000,0,pmc,cntvct,0,0,0,0,144704,0,1025,9648,24000,16,64,1,0,9
aesni256gcm_decrypt,Z,taintnop,7,84.705,1000,0,pmc,cntvct,0,0,0,0,87630,0,1025,4776,24000,16,64,1,0,9
aesni256gcm_decrypt,C,base,8,93.353,1000,1,pmc,cntvct,0,0,0,0,96811,0,1025,5028,23969,16,64,1,0,9
aesni256gcm_decrypt,B,base,8,147.848,1000,0,pmc,cntvct,0,0,0,0,152554,0,1025,10186,24144,16,64,1,0,9
aesni256gcm_decrypt,T,base,8,87.607,1000,0,pmc,cntvct,0,0,0,0,90698,0,1025,5179,24225,16,64,1,0,9
aesni256gcm_decrypt,P,taint,8,141.725,1000,0,pmc,cntvct,0,0,0,0,146517,0,1025,9772,24000,16,64,1,0,9
aesni256gcm_decrypt,Z,taintnop,8,81.668,1000,0,pmc,cntvct,0,0,0,0,84921,0,1025,4890,24011,16,64,1,0,9
aesni256gcm_decrypt,A,base,8,85.192,1000,0,pmc,cntvct,0,0,0,0,88190,0,1025,4755,23968,16,64,1,0,9
aesni256gcm_decrypt,B,base,9,150.556,1000,0,pmc,cntvct,0,0,0,0,155140,0,1025,10341,24145,16,64,1,0,9
aesni256gcm_decrypt,T,base,9,88.755,1000,0,pmc,cntvct,0,0,0,0,92380,0,1025,4991,24223,16,64,1,0,9
aesni256gcm_decrypt,P,taint,9,139.542,1000,0,pmc,cntvct,0,0,0,0,143916,0,1025,9653,24000,16,64,1,0,9
aesni256gcm_decrypt,Z,taintnop,9,82.776,1000,0,pmc,cntvct,0,0,0,0,86237,0,1025,4662,24000,16,64,1,0,9
aesni256gcm_decrypt,A,base,9,86.213,1000,0,pmc,cntvct,0,0,0,0,89631,0,1025,4730,23969,16,64,1,0,9
aesni256gcm_decrypt,C,base,9,94.369,1000,1,pmc,cntvct,0,0,0,0,97995,0,1025,4884,23968,16,64,1,0,9
aesni256gcm_decrypt,T,base,10,89.738,1000,0,pmc,cntvct,0,0,0,0,92942,0,1025,4961,24224,16,64,1,0,9
aesni256gcm_decrypt,P,taint,10,140.706,1000,0,pmc,cntvct,0,0,0,0,144956,0,1025,9695,24000,16,64,1,0,9
aesni256gcm_decrypt,Z,taintnop,10,83.388,1000,0,pmc,cntvct,0,0,0,0,86803,0,1025,4832,24000,16,64,1,0,9
aesni256gcm_decrypt,A,base,10,85.751,1000,0,pmc,cntvct,0,0,0,0,89015,0,1025,4809,23970,16,64,1,0,9
aesni256gcm_decrypt,C,base,10,93.200,1000,1,pmc,cntvct,0,0,0,0,96782,0,1025,5068,23969,16,64,1,0,9
aesni256gcm_decrypt,B,base,10,147.696,1000,0,pmc,cntvct,0,0,0,0,152404,0,1025,10233,24144,16,64,1,0,9
aesni256gcm_decrypt,P,taint,11,142.185,1000,0,pmc,cntvct,0,0,0,0,146516,0,1025,9707,24001,16,64,1,0,9
aesni256gcm_decrypt,Z,taintnop,11,79.838,1000,0,pmc,cntvct,0,0,0,0,83187,0,1025,4753,24001,16,64,1,0,9
aesni256gcm_decrypt,A,base,11,85.815,1000,0,pmc,cntvct,0,0,0,0,88982,0,1025,4773,23968,16,64,1,0,9
aesni256gcm_decrypt,C,base,11,94.229,1000,1,pmc,cntvct,0,0,0,0,97898,0,1025,4911,23968,16,64,1,0,9
aesni256gcm_decrypt,B,base,11,150.931,1000,0,pmc,cntvct,0,0,0,0,155560,0,1025,10266,24144,16,64,1,0,9
aesni256gcm_decrypt,T,base,11,89.960,1000,0,pmc,cntvct,0,0,0,0,93457,0,1025,4984,24224,16,64,1,0,9
aesni256gcm_decrypt,Z,taintnop,12,85.940,1000,0,pmc,cntvct,0,0,0,0,89858,0,1025,4972,24002,16,64,1,0,9
aesni256gcm_decrypt,A,base,12,85.121,1000,0,pmc,cntvct,0,0,0,0,88038,0,1025,4706,23969,16,64,1,0,9
aesni256gcm_decrypt,C,base,12,94.793,1000,1,pmc,cntvct,0,0,0,0,98417,0,1025,4964,23968,16,64,1,0,9
aesni256gcm_decrypt,B,base,12,148.258,1000,0,pmc,cntvct,0,0,0,0,153175,0,1025,10314,24144,16,64,1,0,9
aesni256gcm_decrypt,T,base,12,89.913,1000,0,pmc,cntvct,0,0,0,0,93183,0,1025,4921,24224,16,64,1,0,9
aesni256gcm_decrypt,P,taint,12,140.922,1000,0,pmc,cntvct,0,0,0,0,146293,0,1025,9691,24000,16,64,1,0,9
aesni256gcm_decrypt,A,base,13,84.259,1000,0,pmc,cntvct,0,0,0,0,87509,0,1025,4770,23968,16,64,1,0,9
aesni256gcm_decrypt,C,base,13,93.376,1000,1,pmc,cntvct,0,0,0,0,96668,0,1025,5003,23968,16,64,1,0,9
aesni256gcm_decrypt,B,base,13,149.460,1000,0,pmc,cntvct,0,0,0,0,154294,0,1025,10290,24144,16,64,1,0,9
aesni256gcm_decrypt,T,base,13,89.085,1000,0,pmc,cntvct,0,0,0,0,92702,0,1025,5222,24225,16,64,1,0,9
aesni256gcm_decrypt,P,taint,13,139.885,1000,0,pmc,cntvct,0,0,0,0,144303,0,1025,9654,24000,16,64,1,0,9
aesni256gcm_decrypt,Z,taintnop,13,84.142,1000,0,pmc,cntvct,0,0,0,0,87273,0,1025,4762,24000,16,64,1,0,9
aesni256gcm_decrypt,C,base,14,94.016,1000,1,pmc,cntvct,0,0,0,0,97515,0,1025,5081,23969,16,64,1,0,9
aesni256gcm_decrypt,B,base,14,148.475,1000,0,pmc,cntvct,0,0,0,0,153311,0,1025,10277,24144,16,64,1,0,9
aesni256gcm_decrypt,T,base,14,90.047,1000,0,pmc,cntvct,0,0,0,0,93214,0,1025,4765,24224,16,64,1,0,9
aesni256gcm_decrypt,P,taint,14,141.136,1000,0,pmc,cntvct,0,0,0,0,145593,0,1025,9733,24000,16,64,1,0,9
aesni256gcm_decrypt,Z,taintnop,14,84.773,1000,0,pmc,cntvct,0,0,0,0,88022,0,1025,4717,24000,16,64,1,0,9
aesni256gcm_decrypt,A,base,14,86.374,1000,0,pmc,cntvct,0,0,0,0,89547,0,1025,4765,23968,16,64,1,0,9
aesni256gcm_decrypt,B,base,15,147.972,1000,0,pmc,cntvct,0,0,0,0,152599,0,1025,10236,24144,16,64,1,0,9
aesni256gcm_decrypt,T,base,15,90.063,1000,0,pmc,cntvct,0,0,0,0,93434,0,1025,4959,24224,16,64,1,0,9
aesni256gcm_decrypt,P,taint,15,140.256,1000,0,pmc,cntvct,0,0,0,0,144547,0,1025,9572,24000,16,64,1,0,9
aesni256gcm_decrypt,Z,taintnop,15,83.721,1000,0,pmc,cntvct,0,0,0,0,87177,0,1025,4811,24001,16,64,1,0,9
aesni256gcm_decrypt,A,base,15,85.004,1000,0,pmc,cntvct,0,0,0,0,89081,0,1025,5008,23969,16,64,1,0,9
aesni256gcm_decrypt,C,base,15,93.036,1000,1,pmc,cntvct,0,0,0,0,96703,0,1025,4985,23968,16,64,1,0,9
argon2id,A,base,1,51760895.680,100,0,pmc,cntvct,0,0,0,0,6483109109,0,125,218575997,673849091,1,64,1,0,9
argon2id,C,base,1,52230331.520,100,1,pmc,cntvct,0,0,0,0,6529046969,0,125,223827785,677886117,1,64,1,0,9
argon2id,B,base,1,51429108.020,100,0,pmc,cntvct,0,0,0,0,6440401183,0,125,217469777,672040114,1,64,1,0,9
argon2id,T,base,1,51726390.380,100,0,pmc,cntvct,0,0,0,0,6445823138,0,125,218919976,674022816,1,64,1,0,9
argon2id,P,taint,1,51716686.290,100,0,pmc,cntvct,0,0,0,0,6456595808,0,125,217839929,674029316,1,64,1,0,9
argon2id,Z,taintnop,1,51411098.380,100,0,pmc,cntvct,0,0,0,0,6456564167,0,125,213408115,678215847,1,64,1,0,9
argon2id,C,base,2,51608200.980,100,1,pmc,cntvct,0,0,0,0,6440439516,0,125,224176254,681350099,1,64,1,0,9
argon2id,B,base,2,50149780.440,100,0,pmc,cntvct,0,0,0,0,6268125270,0,125,208924372,666674197,1,64,1,0,9
argon2id,T,base,2,50907292.790,100,0,pmc,cntvct,0,0,0,0,6360872481,0,125,210638902,667246929,1,64,1,0,9
argon2id,P,taint,2,51251991.740,100,0,pmc,cntvct,0,0,0,0,6400124586,0,125,212872385,667259872,1,64,1,0,9
argon2id,Z,taintnop,2,50473771.610,100,0,pmc,cntvct,0,0,0,0,6321929753,0,125,208867282,666873014,1,64,1,0,9
argon2id,A,base,2,50839876.120,100,0,pmc,cntvct,0,0,0,0,6350921971,0,125,213778347,667415479,1,64,1,0,9
argon2id,B,base,3,51038862.880,100,0,pmc,cntvct,0,0,0,0,6367395817,0,125,209918977,667019549,1,64,1,0,9
argon2id,T,base,3,50937317.690,100,0,pmc,cntvct,0,0,0,0,6367104567,0,125,210987920,667441327,1,64,1,0,9
argon2id,P,taint,3,50960748.170,100,0,pmc,cntvct,0,0,0,0,6364483763,0,125,213554326,667536135,1,64,1,0,9
argon2id,Z,taintnop,3,50985741.730,100,0,pmc,cntvct,0,0,0,0,6371562401,0,125,211019000,667482647,1,64,1,0,9
argon2id,A,base,3,50876146.920,100,0,pmc,cntvct,0,0,0,0,6359946089,0,125,207338314,666984228,1,64,1,0,9
argon2id,C,base,3,50920005.710,100,1,pmc,cntvct,0,0,0,0,6359779637,0,125,210713451,666921404,1,64,1,0,9
argon2id,T,base,4,51046351.870,100,0,pmc,cntvct,0,0,0,0,6382579537,0,125,211742326,666820433,1,64,1,0,9
argon2id,P,taint,4,51118040.240,100,0,pmc,cntvct,0,0,0,0,6392225575,0,125,211703976,667556850,1,64,1,0,9
argon2id,Z,taintnop,4,51376576.640,100,0,pmc,cntvct,0,0,0,0,6415764003,0,125,213449982,667111757,1,64,1,0,9
argon2id,A,base,4,51206770.470,100,0,pmc,cntvct,0,0,0,0,6396994505,0,125,209103796,667151678,1,64,1,0,9
argon2id,C,base,4,51282942.780,100,1,pmc,cntvct,0,0,0,0,6407709563,0,125,209209535,666950154,1,64,1,0,9
argon2id,B,base,4,51416981.640,100,0,pmc,cntvct,0,0,0,0,6428698282,0,125,210862888,667746011,1,64,1,0,9
argon2id,P,taint,5,51052257.330,100,0,pmc,cntvct,0,0,0,0,6381997633,0,125,207036414,666893164,1,64,1,0,9
argon2id,Z,taintnop,5,50981973.240,100,0,pmc,cntvct,0,0,0,0,6370874102,0,125,210975444,666502985,1,64,1,0,9
argon2id,A,base,5,51197369.410,100,0,pmc,cntvct,0,0,0,0,6398885973,0,125,210470477,667627715,1,64,1,0,9
argon2id,C,base,5,50908679.260,100,1,pmc,cntvct,0,0,0,0,6364127978,0,125,210962182,666973867,1,64,1,0,9
argon2id,B,base,5,51299595.950,100,0,pmc,cntvct,0,0,0,0,6411298442,0,125,210904283,667562068,1,64,1,0,9
argon2id,T,base,5,51281727.680,100,0,pmc,cntvct,0,0,0,0,6409309756,0,125,213530677,667586212,1,64,1,0,9
argon2id,Z,taintnop,6,51097746.670,100,0,pmc,cntvct,0,0,0,0,6383426481,0,125,210403827,666944890,1,64,1,0,9
argon2id,A,base,6,51233586.780,100,0,pmc,cntvct,0,0,0,0,6402982912,0,125,210931167,667622460,1,64,1,0,9
argon2id,C,base,6,51349107.770,100,1,pmc,cntvct,0,0,0,0,6419224482,0,125,209027385,667324552,1,64,1,0,9
argon2id,B,base,6,51207281.300,100,0,pmc,cntvct,0,0,0,0,6400256396,0,125,213783724,666999373,1,64,1,0,9
argon2id,T,base,6,51377920.740,100,0,pmc,cntvct,0,0,0,0,6421546986,0,125,210964510,667598867,1,64,1,0,9
argon2id,P,taint,6,51308622.620,100,0,pmc,cntvct,0,0,0,0,6429998261,0,125,209600469,667102689,1,64,1,0,9
argon2id,A,base,7,51299431.900,100,0,pmc,cntvct,0,0,0,0,6414947830,0,125,209767055,667064164,1,64,1,0,9
argon2id,C,base,7,51411616.920,100,1,pmc,cntvct,0,0,0,0,6425600019,0,125,207665075,667570584,1,64,1,0,9
argon2id,B,base,7,51838099.640,100,0,pmc,cntvct,0,0,0,0,6470191711,0,125,218822613,672174847,1,64,1,0,9
argon2id,T,base,7,52686322.770,100,0,pmc,cntvct,0,0,0,0,6580946672,0,125,213361341,678325067,1,64,1,0,9
argon2id,P,taint,7,52718046.210,100,0,pmc,cntvct,0,0,0,0,6594292927,0,125,220212613,683325611,1,64,1,0,9
argon2id,Z,taintnop,7,52156469.060,100,0,pmc,cntvct,0,0,0,0,6525800617,0,125,214338660,672921447,1,64,1,0,9
argon2id,C,base,8,52503019.170,100,1,pmc,cntvct,0,0,0,0,6566046255,0,125,214635631,676607810,1,64,1,0,9
argon2id,B,base,8,52445489.420,100,0,pmc,cntvct,0,0,0,0,6554925779,0,125,220295610,675490151,1,64,1,0,9
argon2id,T,base,8,52590516.490,100,0,pmc,cntvct,0,0,0,0,6564170108,0,125,215337567,681810012,1,64,1,0,9
argon2id,P,taint,8,52573634.380,100,0,pmc,cntvct,0,0,0,0,6559445269,0,125,214134985,675497224,1,64,1,0,9
argon2id,Z,taintnop,8,52865811.090,100,0,pmc,cntvct,0,0,0,0,6616467042,0,125,216848422,678465675,1,64,1,0,9
argon2id,A,base,8,52510914.820,100,0,pmc,cntvct,0,0,0,0,6564768027,0,125,222293558,677532661,1,64,1,0,9
argon2id,B,base,9,53413009.810,100,0,pmc,cntvct,0,0,0,0,6669950130,0,125,222321574,683152992,1,64,1,0,9
argon2id,T,base,9,52618462.770,100,0,pmc,cntvct,0,0,0,0,6589212639,0,125,212773566,674755931,1,64,1,0,9
argon2id,P,taint,9,52530435.500,100,0,pmc,cntvct,0,0,0,0,6563613698,0,125,211136059,671535648,1,64,1,0,9
argon2id,Z,taintnop,9,52828943.720,100,0,pmc,cntvct,0,0,0,0,6600346041,0,125,216115302,676307238,1,64,1,0,9
argon2id,A,base,9,52638931.990,100,0,pmc,cntvct,0,0,0,0,6581134009,0,125,213094554,674537852,1,64,1,0,9
argon2id,C,base,9,52753667.760,100,1,pmc,cntvct,0,0,0,0,6587963985,0,125,219509061,674998681,1,64,1,0,9
argon2id,T,base,10,52388792.240,100,0,pmc,cntvct,0,0,0,0,6548911227,0,125,214526896,675308619,1,64,1,0,9
argon2id,P,taint,10,53001770.910,100,0,pmc,cntvct,0,0,0,0,6626755800,0,125,216237527,678917355,1,64,1,0,9
argon2id,Z,taintnop,10,52696793.790,100,0,pmc,cntvct,0,0,0,0,6599072219,0,125,218746555,679862056,1,64,1,0,9
argon2id,A,base,10,52812039.420,100,0,pmc,cntvct,0,0,0,0,6599872374,0,125,220499830,677691751,1,64,1,0,9
argon2id,C,base,10,51799857.890,100,1,pmc,cntvct,0,0,0,0,6491149803,0,125,219597486,675197058,1,64,1,0,9
argon2id,B,base,10,51941693.450,100,0,pmc,cntvct,0,0,0,0,6474812284,0,125,221779500,677334650,1,64,1,0,9
argon2id,P,taint,11,50804839.500,100,0,pmc,cntvct,0,0,0,0,6343984339,0,125,206342090,667198185,1,64,1,0,9
argon2id,Z,taintnop,11,51261194.430,100,0,pmc,cntvct,0,0,0,0,6406474136,0,125,211024913,667033376,1,64,1,0,9
argon2id,A,base,11,51366850.480,100,0,pmc,cntvct,0,0,0,0,6418745942,0,125,0,0,0,64,1,0,9
argon2id,C,base,11,51261851.500,100,1,pmc,cntvct,0,0,0,0,6407552454,0,125,209844669,666976666,1,64,1,0,9
argon2id,B,base,11,51443819.240,100,0,pmc,cntvct,0,0,0,0,6430060151,0,125,216096318,667654493,1,64,1,0,9
argon2id,T,base,11,51264575.300,100,0,pmc,cntvct,0,0,0,0,6401781326,0,125,207619817,666962401,1,64,1,0,9
argon2id,Z,taintnop,12,51173617.530,100,0,pmc,cntvct,0,0,0,0,6398114932,0,125,209270939,667028522,1,64,1,0,9
argon2id,A,base,12,51413240.700,100,0,pmc,cntvct,0,0,0,0,6426343501,0,125,210034721,667583005,1,64,1,0,9
argon2id,C,base,12,51397226.940,100,1,pmc,cntvct,0,0,0,0,6429603603,0,125,207659392,666946857,1,64,1,0,9
argon2id,B,base,12,51318170.990,100,0,pmc,cntvct,0,0,0,0,6410089586,0,125,213596673,667067288,1,64,1,0,9
argon2id,T,base,12,51356263.170,100,0,pmc,cntvct,0,0,0,0,6420109310,0,125,211711971,667219684,1,64,1,0,9
argon2id,P,taint,12,51348553.880,100,0,pmc,cntvct,0,0,0,0,6419737795,0,125,208584338,667154778,1,64,1,0,9
argon2id,A,base,13,51384304.010,100,0,pmc,cntvct,0,0,0,0,6423339944,0,125,213414436,667591592,1,64,1,0,9
argon2id,C,base,13,51413677.800,100,1,pmc,cntvct,0,0,0,0,6425054088,0,125,210796727,667557726,1,64,1,0,9
argon2id,B,base,13,51418429.980,100,0,pmc,cntvct,0,0,0,0,6421943780,0,125,208084514,667448300,1,64,1,0,9
argon2id,T,base,13,51405858.350,100,0,pmc,cntvct,0,0,0,0,6426506015,0,125,210770869,667007727,1,64,1,0,9
argon2id,P,taint,13,51382000.410,100,0,pmc,cntvct,0,0,0,0,6421608366,0,125,209018083,666851698,1,64,1,0,9
argon2id,Z,taintnop,13,51484783.720,100,0,pmc,cntvct,0,0,0,0,6435601116,0,125,212337576,666967629,1,64,1,0,9
argon2id,C,base,14,51365010.500,100,1,pmc,cntvct,0,0,0,0,6417609333,0,125,211214502,666939422,1,64,1,0,9
argon2id,B,base,14,51375582.710,100,0,pmc,cntvct,0,0,0,0,6422957991,0,125,210156993,667561044,1,64,1,0,9
argon2id,T,base,14,51306371.180,100,0,pmc,cntvct,0,0,0,0,6415382766,0,125,210805386,666979618,1,64,1,0,9
argon2id,P,taint,14,51345079.410,100,0,pmc,cntvct,0,0,0,0,6420131721,0,125,208095293,667449089,1,64,1,0,9
argon2id,Z,taintnop,14,51462301.080,100,0,pmc,cntvct,0,0,0,0,6430170148,0,125,209892113,666914896,1,64,1,0,9
argon2id,A,base,14,51461126.060,100,0,pmc,cntvct,0,0,0,0,6432670370,0,125,213497365,667502406,1,64,1,0,9
argon2id,B,base,15,51489608.370,100,0,pmc,cntvct,0,0,0,0,6435015051,0,125,210840875,667259069,1,64,1,0,9
argon2id,T,base,15,51539504.690,100,0,pmc,cntvct,0,0,0,0,6438075972,0,125,211996058,666592830,1,64,1,0,9
argon2id,P,taint,15,51411236.310,100,0,pmc,cntvct,0,0,0,0,6425277821,0,125,209135712,667272400,1,64,1,0,9
argon2id,Z,taintnop,15,51324145.590,100,0,pmc,cntvct,0,0,0,0,6417278254,0,125,208546975,667200117,1,64,1,0,9
argon2id,A,base,15,51230726.630,100,0,pmc,cntvct,0,0,0,0,6400172102,0,125,0,0,0,64,1,0,9
argon2id,C,base,15,51312336.340,100,1,pmc,cntvct,0,0,0,0,6415660504,0,125,208166084,667301428,1,64,1,0,9
