# Experiment 09, arms base blanket api taint taintnop, the pass arm built with the NARROWING twins (switch cost 0), 2026-09-05, fixpoint seeds.
bench,arm,cfg,roi_n,cycles_per_op,insts_per_op,dit_writes,dit_set,dit_clear,dit_read,dit_suppressed,dit_cycles,dit_exit,wall_s
aesni256gcm_decrypt,api,serdit,50,1332.4,1479.0,100.0,50.0,50.0,0.0,0.0,65017.0,,27.0
aesni256gcm_decrypt,api,spec,50,1175.0,1479.0,100.0,50.0,50.0,0.0,0.0,58301.0,,30.1
aesni256gcm_decrypt,base,serdit,50,1076.7,1473.0,0.0,0.0,0.0,0.0,0.0,0.0,,30.5
aesni256gcm_decrypt,base,spec,50,1076.7,1473.0,0.0,0.0,0.0,0.0,0.0,0.0,,32.1
aesni256gcm_decrypt,blanket,serdit,50,1167.0,1473.0,0.0,0.0,0.0,0.0,0.0,58350.0,,26.8
aesni256gcm_decrypt,blanket,spec,50,1167.0,1473.0,0.0,0.0,0.0,0.0,0.0,58350.0,,29.7
aesni256gcm_decrypt,taint,serdit,50,1665.0,1490.0,650.0,350.0,300.0,0.0,0.0,60600.0,,30.3
aesni256gcm_decrypt,taint,spec,50,1177.0,1490.0,650.0,350.0,300.0,0.0,0.0,46151.0,,27.8
aesni256gcm_decrypt,taintnop,serdit,50,1088.0,1490.0,0.0,0.0,0.0,0.0,0.0,0.0,,27.3
aesni256gcm_decrypt,taintnop,spec,50,1088.0,1490.0,0.0,0.0,0.0,0.0,0.0,0.0,,31.0
aesni256gcm_encrypt,api,serdit,50,1263.0,1235.0,100.0,50.0,50.0,0.0,0.0,61600.0,,29.4
aesni256gcm_encrypt,api,spec,50,1220.0,1235.0,100.0,50.0,50.0,0.0,0.0,60550.0,,27.0
aesni256gcm_encrypt,base,serdit,50,1217.0,1229.0,0.0,0.0,0.0,0.0,0.0,0.0,,30.5
aesni256gcm_encrypt,base,spec,50,1217.0,1229.0,0.0,0.0,0.0,0.0,0.0,0.0,,30.2
aesni256gcm_encrypt,blanket,serdit,50,1222.0,1229.0,0.0,0.0,0.0,0.0,0.0,61100.0,,29.6
aesni256gcm_encrypt,blanket,spec,50,1222.0,1229.0,0.0,0.0,0.0,0.0,0.0,61100.0,,26.7
aesni256gcm_encrypt,taint,serdit,50,1816.9,1263.0,1400.0,750.0,650.0,0.0,0.0,78095.0,,26.6
aesni256gcm_encrypt,taint,spec,50,1216.0,1263.0,1400.0,750.0,650.0,0.0,0.0,59750.0,,27.1
aesni256gcm_encrypt,taintnop,serdit,50,1214.0,1263.0,0.0,0.0,0.0,0.0,0.0,0.0,,31.2
aesni256gcm_encrypt,taintnop,spec,50,1214.0,1263.0,0.0,0.0,0.0,0.0,0.0,0.0,,27.9
chacha20_poly1305_decrypt,api,serdit,50,2389.0,5067.0,100.0,50.0,50.0,0.0,13000.0,117900.0,,33.4
chacha20_poly1305_decrypt,api,spec,50,2324.1,5067.0,100.0,50.0,50.0,0.0,12900.0,115654.0,,28.6
chacha20_poly1305_decrypt,base,serdit,50,2289.8,5057.0,0.0,0.0,0.0,0.0,0.0,0.0,,34.4
chacha20_poly1305_decrypt,base,spec,50,2289.8,5057.0,0.0,0.0,0.0,0.0,0.0,0.0,,32.6
chacha20_poly1305_decrypt,blanket,serdit,50,2305.9,5057.0,0.0,0.0,0.0,0.0,13150.0,115297.0,,29.7
chacha20_poly1305_decrypt,blanket,spec,50,2305.9,5057.0,0.0,0.0,0.0,0.0,13150.0,115297.0,,30.1
chacha20_poly1305_decrypt,taint,serdit,50,3511.5,5172.0,2500.0,1650.0,850.0,0.0,12950.0,162324.0,,29.8
chacha20_poly1305_decrypt,taint,spec,50,2422.0,5172.0,2500.0,1650.0,850.0,0.0,13100.0,119851.0,,33.4
chacha20_poly1305_decrypt,taintnop,serdit,50,2429.0,5172.0,0.0,0.0,0.0,0.0,0.0,0.0,,33.7
chacha20_poly1305_decrypt,taintnop,spec,50,2429.0,5172.0,0.0,0.0,0.0,0.0,0.0,0.0,,29.6
chacha20_poly1305_encrypt,api,serdit,50,2257.5,4820.0,100.0,50.0,50.0,0.0,12836.0,111325.0,,33.5
chacha20_poly1305_encrypt,api,spec,50,2255.6,4820.0,100.0,50.0,50.0,0.0,13370.0,112232.0,,32.3
chacha20_poly1305_encrypt,base,serdit,50,2185.9,4810.0,0.0,0.0,0.0,0.0,0.0,0.0,,29.4
chacha20_poly1305_encrypt,base,spec,50,2185.9,4810.0,0.0,0.0,0.0,0.0,0.0,0.0,,29.4
chacha20_poly1305_encrypt,blanket,serdit,50,2215.9,4810.0,0.0,0.0,0.0,0.0,13001.0,110796.0,,33.8
chacha20_poly1305_encrypt,blanket,spec,50,2214.6,4810.0,0.0,0.0,0.0,0.0,13032.0,110729.0,,32.5
chacha20_poly1305_encrypt,taint,serdit,50,3281.7,4916.0,2250.0,1500.0,750.0,0.0,12950.0,152583.0,,29.5
chacha20_poly1305_encrypt,taint,spec,50,2265.8,4916.0,2250.0,1500.0,750.0,0.0,13400.0,112452.0,,29.1
chacha20_poly1305_encrypt,taintnop,serdit,50,2296.7,4916.0,0.0,0.0,0.0,0.0,0.0,0.0,,29.8
chacha20_poly1305_encrypt,taintnop,spec,50,2296.7,4916.0,0.0,0.0,0.0,0.0,0.0,0.0,,34.7
ed25519,api,serdit,20,79687.5,171759.0,40.0,20.0,20.0,0.0,1287777.0,1593110.0,,181.3
ed25519,api,spec,20,79362.6,171759.0,40.0,20.0,20.0,0.0,1284072.0,1587071.0,,155.0
ed25519,base,serdit,20,78789.9,171769.0,0.0,0.0,0.0,0.0,0.0,0.0,,253.7
ed25519,base,spec,20,78789.9,171769.0,0.0,0.0,0.0,0.0,0.0,0.0,,245.3
ed25519,blanket,serdit,20,78962.7,171769.0,0.0,0.0,0.0,0.0,1287849.0,1579254.0,,159.2
ed25519,blanket,spec,20,78962.7,171769.0,0.0,0.0,0.0,0.0,1287849.0,1579254.0,,278.3
ed25519,taint,serdit,20,78014.9,171867.0,1120.0,760.0,360.0,0.0,1274689.0,1551818.0,,154.2
ed25519,taint,spec,20,76635.6,171867.0,1120.0,760.0,360.0,0.0,1274156.0,1530938.0,,158.5
ed25519,taintnop,serdit,20,76228.9,171867.0,0.0,0.0,0.0,0.0,0.0,0.0,,250.8
ed25519,taintnop,spec,20,76228.9,171867.0,0.0,0.0,0.0,0.0,0.0,0.0,,306.6
