# Experiment 09, arms base blanket api taint taintnop, the pass arm built with the NARROWING twins (default switch cost), 2026-09-05, fixpoint seeds.
bench,arm,cfg,roi_n,cycles_per_op,insts_per_op,dit_writes,dit_set,dit_clear,dit_read,dit_suppressed,dit_cycles,dit_exit,wall_s
aesni256gcm_decrypt,api,serdit,50,1332.4,1479.0,100.0,50.0,50.0,0.0,0.0,65017.0,,26.5
aesni256gcm_decrypt,api,spec,50,1175.0,1479.0,100.0,50.0,50.0,0.0,0.0,58301.0,,27.1
aesni256gcm_decrypt,base,serdit,50,1076.7,1473.0,0.0,0.0,0.0,0.0,0.0,0.0,,32.6
aesni256gcm_decrypt,base,spec,50,1076.7,1473.0,0.0,0.0,0.0,0.0,0.0,0.0,,30.8
aesni256gcm_decrypt,blanket,serdit,50,1167.0,1473.0,0.0,0.0,0.0,0.0,0.0,58350.0,,26.7
aesni256gcm_decrypt,blanket,spec,50,1167.0,1473.0,0.0,0.0,0.0,0.0,0.0,58350.0,,28.3
aesni256gcm_decrypt,taint,serdit,50,1603.3,1485.0,400.0,250.0,150.0,0.0,0.0,59103.0,,30.7
aesni256gcm_decrypt,taint,spec,50,1180.8,1485.0,400.0,250.0,150.0,0.0,0.0,46544.0,,30.2
aesni256gcm_decrypt,taintnop,serdit,50,1090.6,1485.0,0.0,0.0,0.0,0.0,0.0,0.0,,27.3
aesni256gcm_decrypt,taintnop,spec,50,1090.6,1485.0,0.0,0.0,0.0,0.0,0.0,0.0,,30.7
aesni256gcm_encrypt,api,serdit,50,1263.0,1235.0,100.0,50.0,50.0,0.0,0.0,61600.0,,27.2
aesni256gcm_encrypt,api,spec,50,1220.0,1235.0,100.0,50.0,50.0,0.0,0.0,60550.0,,30.9
aesni256gcm_encrypt,base,serdit,50,1217.0,1229.0,0.0,0.0,0.0,0.0,0.0,0.0,,27.5
aesni256gcm_encrypt,base,spec,50,1217.0,1229.0,0.0,0.0,0.0,0.0,0.0,0.0,,31.0
aesni256gcm_encrypt,blanket,serdit,50,1222.0,1229.0,0.0,0.0,0.0,0.0,0.0,61100.0,,27.9
aesni256gcm_encrypt,blanket,spec,50,1222.0,1229.0,0.0,0.0,0.0,0.0,0.0,61100.0,,30.4
aesni256gcm_encrypt,taint,serdit,50,1366.0,1239.0,300.0,250.0,50.0,0.0,0.0,66950.0,,28.0
aesni256gcm_encrypt,taint,spec,50,1209.0,1239.0,300.0,250.0,50.0,0.0,0.0,60002.0,,26.8
aesni256gcm_encrypt,taintnop,serdit,50,1209.0,1239.0,0.0,0.0,0.0,0.0,0.0,0.0,,27.0
aesni256gcm_encrypt,taintnop,spec,50,1209.0,1239.0,0.0,0.0,0.0,0.0,0.0,0.0,,29.6
chacha20_poly1305_decrypt,api,serdit,50,2389.0,5067.0,100.0,50.0,50.0,0.0,13000.0,117900.0,,32.4
chacha20_poly1305_decrypt,api,spec,50,2324.1,5067.0,100.0,50.0,50.0,0.0,12900.0,115654.0,,35.0
chacha20_poly1305_decrypt,base,serdit,50,2289.8,5057.0,0.0,0.0,0.0,0.0,0.0,0.0,,31.8
chacha20_poly1305_decrypt,base,spec,50,2289.8,5057.0,0.0,0.0,0.0,0.0,0.0,0.0,,33.3
chacha20_poly1305_decrypt,blanket,serdit,50,2305.9,5057.0,0.0,0.0,0.0,0.0,13150.0,115297.0,,32.6
chacha20_poly1305_decrypt,blanket,spec,50,2305.9,5057.0,0.0,0.0,0.0,0.0,13150.0,115297.0,,28.6
chacha20_poly1305_decrypt,taint,serdit,50,3312.9,5161.0,1950.0,1400.0,550.0,0.0,13300.0,157494.0,,28.9
chacha20_poly1305_decrypt,taint,spec,50,2357.0,5161.0,1950.0,1400.0,550.0,0.0,13200.0,117049.0,,29.1
chacha20_poly1305_decrypt,taintnop,serdit,50,2396.8,5161.0,0.0,0.0,0.0,0.0,0.0,0.0,,35.4
chacha20_poly1305_decrypt,taintnop,spec,50,2396.8,5161.0,0.0,0.0,0.0,0.0,0.0,0.0,,33.5
chacha20_poly1305_encrypt,api,serdit,50,2257.5,4820.0,100.0,50.0,50.0,0.0,12836.0,111325.0,,32.8
chacha20_poly1305_encrypt,api,spec,50,2255.6,4820.0,100.0,50.0,50.0,0.0,13370.0,112232.0,,30.2
chacha20_poly1305_encrypt,base,serdit,50,2185.9,4810.0,0.0,0.0,0.0,0.0,0.0,0.0,,30.0
chacha20_poly1305_encrypt,base,spec,50,2185.9,4810.0,0.0,0.0,0.0,0.0,0.0,0.0,,33.1
chacha20_poly1305_encrypt,blanket,serdit,50,2215.9,4810.0,0.0,0.0,0.0,0.0,13001.0,110796.0,,29.4
chacha20_poly1305_encrypt,blanket,spec,50,2214.6,4810.0,0.0,0.0,0.0,0.0,13032.0,110729.0,,31.6
chacha20_poly1305_encrypt,taint,serdit,50,3125.0,4909.0,1900.0,1350.0,550.0,0.0,13100.0,148100.0,,29.5
chacha20_poly1305_encrypt,taint,spec,50,2231.1,4909.0,1900.0,1350.0,550.0,0.0,12943.0,110844.0,,29.1
chacha20_poly1305_encrypt,taintnop,serdit,50,2236.5,4909.0,0.0,0.0,0.0,0.0,0.0,0.0,,34.4
chacha20_poly1305_encrypt,taintnop,spec,50,2236.5,4909.0,0.0,0.0,0.0,0.0,0.0,0.0,,29.7
ed25519,api,serdit,20,79687.5,171759.0,40.0,20.0,20.0,0.0,1287777.0,1593110.0,,156.7
ed25519,api,spec,20,79362.6,171759.0,40.0,20.0,20.0,0.0,1284072.0,1587071.0,,213.6
ed25519,base,serdit,20,78789.9,171769.0,0.0,0.0,0.0,0.0,0.0,0.0,,175.5
ed25519,base,spec,20,78789.9,171769.0,0.0,0.0,0.0,0.0,0.0,0.0,,173.4
ed25519,blanket,serdit,20,78962.7,171769.0,0.0,0.0,0.0,0.0,1287849.0,1579254.0,,275.8
ed25519,blanket,spec,20,78962.7,171769.0,0.0,0.0,0.0,0.0,1287849.0,1579254.0,,218.9
ed25519,taint,serdit,20,76056.2,171827.0,320.0,300.0,20.0,0.0,1275062.0,1520485.0,,209.4
ed25519,taint,spec,20,75927.6,171827.0,320.0,300.0,20.0,0.0,1272709.0,1518333.0,,223.7
ed25519,taintnop,serdit,20,75668.2,171827.0,0.0,0.0,0.0,0.0,0.0,0.0,,279.9
ed25519,taintnop,spec,20,75668.2,171827.0,0.0,0.0,0.0,0.0,0.0,0.0,,267.1
