benchmark,arm,archive,rep,mean_ticks,n,dit_exit,cycle_src,tot_cyc,tot_ins,map_stall,flush,reg_cyc,reg_ins,reg_n
ed25519,A,baseline,1,38068.937,1000,0,kperf,173580011,761031381,72965294,5336,39068698,171733397,1025
ed25519,C,baseline,1,38295.297,1000,1,kperf,172703237,760051502,73124514,5165,39285602,171678454,1025
ed25519,P,hardened,1,41234.435,1000,0,kperf,178469787,760603273,74542086,101588,42307589,171852371,1025
ed25519,F,func,1,40904.467,1000,0,kperf,178121668,760503975,74478257,103572,41981266,171807685,1025
ed25519,X,fine,1,42885.106,1000,0,kperf,181179020,760909194,76954789,148751,43999252,171929101,1025
ed25519,N,narrow,1,41556.109,1000,0,kperf,179806213,760574173,75026407,101610,42633204,171824362,1025
ed25519,C,baseline,2,38679.633,1000,1,kperf,173801073,760168829,73317757,5176,39663885,171684384,1025
ed25519,P,hardened,2,41444.979,1000,0,kperf,179031406,760097341,74565287,101592,42521328,171797899,1025
ed25519,F,func,2,40906.078,1000,0,kperf,177982503,760397544,74696531,103572,41951156,171749944,1025
ed25519,X,fine,2,43047.880,1000,0,kperf,181279262,760440489,77137451,148747,44161867,171886515,1025
ed25519,N,narrow,2,41321.849,1000,0,kperf,178590475,760305831,74949375,101610,42383122,171801800,1025
ed25519,A,baseline,2,38163.148,1000,0,kperf,173106909,760151990,72794767,5362,39138183,171695396,1025
ed25519,P,hardened,3,41177.221,1000,0,kperf,178053563,760180042,74708450,101589,42229925,171786269,1025
ed25519,F,func,3,40992.912,1000,0,kperf,177964597,760164409,74611587,103586,42039082,171752690,1025
ed25519,X,fine,3,43186.123,1000,0,kperf,181665955,760336872,77607476,148769,44291204,171898515,1025
ed25519,N,narrow,3,41255.859,1000,0,kperf,178343124,760294398,75072874,101593,42315676,171777897,1025
ed25519,A,baseline,3,38107.341,1000,0,kperf,173264366,760227800,72823357,5313,39082571,171704502,1025
ed25519,C,baseline,3,38383.717,1000,1,kperf,172928286,760139724,73162410,5160,39369737,171680265,1025
ed25519,F,func,4,41049.100,1000,0,kperf,178590882,760187424,74480355,103581,42100336,171776043,1025
ed25519,X,fine,4,42988.654,1000,0,kperf,181098665,760232479,77137488,148756,44095419,171890572,1025
ed25519,N,narrow,4,41220.510,1000,0,kperf,178656102,760217894,74983642,101590,42274716,171797275,1025
ed25519,A,baseline,4,37994.323,1000,0,kperf,172635553,760138707,72843534,5376,38967606,171700715,1025
ed25519,C,baseline,4,38374.024,1000,1,kperf,172920242,759963112,73299803,5163,39355862,171678546,1025
ed25519,P,hardened,4,41290.559,1000,0,kperf,178552936,760263742,74534101,101606,42369437,171793932,1025
ed25519,X,fine,5,43018.613,1000,0,kperf,181204349,760465484,77570020,148751,44125745,171907474,1025
ed25519,N,narrow,5,41388.220,1000,0,kperf,179118635,760309841,75019426,101609,42454199,171798889,1025
ed25519,A,baseline,5,38187.892,1000,0,kperf,173069879,760136358,73082381,5372,39166088,171692290,1025
ed25519,C,baseline,5,38282.655,1000,1,kperf,172668193,760117101,73269849,5163,39270281,171678456,1025
ed25519,P,hardened,5,41248.235,1000,0,kperf,178410126,760017647,75296206,101599,42303970,171797208,1025
ed25519,F,func,5,40994.146,1000,0,kperf,177875661,759998405,74504616,103577,42045302,171759948,1025
ed25519,N,narrow,6,41465.102,1000,0,kperf,178717900,760244320,74986235,101583,42521143,171808342,1025
ed25519,A,baseline,6,38824.621,1000,0,kperf,175093067,760006117,72947286,5357,39820874,171694166,1025
ed25519,C,baseline,6,38361.228,1000,1,kperf,172651300,760042559,73102006,5166,39339943,171705101,1025
ed25519,P,hardened,6,41190.546,1000,0,kperf,177925003,760039701,74676458,101585,42246996,171797687,1025
ed25519,F,func,6,40846.571,1000,0,kperf,177537705,760127679,74624312,103570,41892412,171753250,1025
ed25519,X,fine,6,43059.336,1000,0,kperf,181421200,760437763,76926449,148753,44159324,171893801,1025
ed25519,A,baseline,7,38027.416,1000,0,kperf,173086217,760155508,73043999,5377,39001143,171683936,1025
ed25519,C,baseline,7,38267.788,1000,1,kperf,172657740,759940190,73251480,5160,39251430,171680703,1025
ed25519,P,hardened,7,41220.637,1000,0,kperf,178910832,760227992,74692671,101584,42286385,171792459,1025
ed25519,F,func,7,41518.750,1000,0,kperf,179944097,760204394,74499160,103599,42568236,171759028,1025
ed25519,X,fine,7,42957.653,1000,0,kperf,181183657,760438322,77207051,148767,44061154,171880125,1025
ed25519,N,narrow,7,41275.983,1000,0,kperf,178838715,760186932,75022439,101598,42331327,171789296,1025
ed25519,C,baseline,8,38382.376,1000,1,kperf,173265386,759821024,73143143,5211,39365706,171704091,1025
ed25519,P,hardened,8,41098.574,1000,0,kperf,178044173,760217179,74730108,101600,42153380,171790908,1025
ed25519,F,func,8,40973.449,1000,0,kperf,178224388,760184231,74485857,103573,42020752,171757325,1025
ed25519,X,fine,8,43044.421,1000,0,kperf,181776734,760409122,77165379,148759,44144558,171907173,1025
ed25519,N,narrow,8,41486.061,1000,0,kperf,178925059,760259435,74886921,101595,42546096,171779634,1025
ed25519,A,baseline,8,38135.543,1000,0,kperf,173366192,760020904,72832245,5358,39111136,171703202,1025
ed25519,P,hardened,9,42073.875,1000,0,kperf,180860940,760178383,74758431,101597,43158112,171785962,1025
ed25519,F,func,9,40979.733,1000,0,kperf,177976355,760121944,74578706,103574,42029055,171769442,1025
ed25519,X,fine,9,43017.048,1000,0,kperf,181065745,760181753,77177485,148758,44117214,171894027,1025
ed25519,N,narrow,9,41282.391,1000,0,kperf,178165347,760109746,75005615,101605,42336697,171783677,1025
ed25519,A,baseline,9,38099.115,1000,0,kperf,173694975,760093935,72877857,5387,39078173,171689570,1025
ed25519,C,baseline,9,38349.761,1000,1,kperf,172797586,760068728,73222120,5164,39344143,171682543,1025
ed25519,F,func,10,41105.985,1000,0,kperf,178498331,760179086,75056258,103581,42159889,171766472,1025
ed25519,X,fine,10,43164.786,1000,0,kperf,182012028,760536716,77236792,148762,44264858,171940576,1025
ed25519,N,narrow,10,42149.532,1000,0,kperf,181004817,760067442,74871000,101594,43228079,171781547,1025
ed25519,A,baseline,10,37995.075,1000,0,kperf,172707202,760284262,72788526,5330,38969725,171703213,1025
ed25519,C,baseline,10,38379.512,1000,1,kperf,172910198,759971588,73190058,5174,39362954,171699579,1025
ed25519,P,hardened,10,41201.895,1000,0,kperf,178267902,759970078,74792660,101606,42257875,171792804,1025
ed25519,X,fine,11,42981.379,1000,0,kperf,181500943,760446209,77219006,148753,44076956,171892060,1025
ed25519,N,narrow,11,41229.935,1000,0,kperf,178901230,760244082,74766131,101617,42287796,171783295,1025
ed25519,A,baseline,11,38111.880,1000,0,kperf,173104148,760136378,72841482,5386,39095374,171706938,1025
ed25519,C,baseline,11,38377.359,1000,1,kperf,173709909,759927728,73417011,5167,39359986,171691572,1025
ed25519,P,hardened,11,41717.169,1000,0,kperf,179593877,760087506,75075286,101601,42774355,171803698,1025
ed25519,F,func,11,41038.040,1000,0,kperf,178001345,760062852,75060576,103577,42087820,171772535,1025
ed25519,N,narrow,12,41405.693,1000,0,kperf,178992253,760254129,75569400,101588,42463027,171803766,1025
ed25519,A,baseline,12,38026.173,1000,0,kperf,172928295,760079443,72831199,5335,39013108,171694432,1025
ed25519,C,baseline,12,38460.559,1000,1,kperf,172830062,760001425,73292207,5167,39445707,171694553,1025
ed25519,P,hardened,12,41248.768,1000,0,kperf,178261634,760266910,75046332,101667,42309197,171778054,1025
ed25519,F,func,12,41025.678,1000,0,kperf,177773457,759904270,74493597,103573,42073164,171752367,1025
ed25519,X,fine,12,43019.061,1000,0,kperf,181309680,760526403,77662410,148798,44116704,171889655,1025
ed25519,A,baseline,13,38034.692,1000,0,kperf,172811310,760220305,72791590,5321,39012598,171684594,1025
ed25519,C,baseline,13,39055.606,1000,1,kperf,175104748,760123980,73146268,5175,40069811,171683998,1025
ed25519,P,hardened,13,41274.819,1000,0,kperf,178652274,760344425,74555670,101614,42330789,171818865,1025
ed25519,F,func,13,40942.336,1000,0,kperf,177773450,760120268,74580022,103567,41991054,171760816,1025
ed25519,X,fine,13,43014.088,1000,0,kperf,181498409,760525313,77150424,148775,44116209,171902932,1025
ed25519,N,narrow,13,41347.550,1000,0,kperf,178858722,760195376,74843498,101596,42402499,171788871,1025
ed25519,C,baseline,14,38438.769,1000,1,kperf,173037346,760038025,73247570,5165,39421329,171697464,1025
ed25519,P,hardened,14,41145.638,1000,0,kperf,178041962,760162623,74669658,101602,42199051,171786847,1025
ed25519,F,func,14,40912.114,1000,0,kperf,177662843,760293943,74468098,103576,41958817,171754496,1025
ed25519,X,fine,14,43680.889,1000,0,kperf,182840888,760450911,76914342,148776,44782409,171885724,1025
ed25519,N,narrow,14,41292.654,1000,0,kperf,178549824,760019006,74873900,101593,42353005,171787340,1025
ed25519,A,baseline,14,38142.148,1000,0,kperf,173029307,760032630,72791124,5399,39116783,171708089,1025
ed25519,P,hardened,15,41324.667,1000,0,kperf,178463137,760194631,75312909,101600,42380862,171792294,1025
ed25519,F,func,15,40903.554,1000,0,kperf,178007598,760146235,74451917,103569,41964319,171754940,1025
ed25519,X,fine,15,42959.150,1000,0,kperf,181073598,760327641,77142765,148740,44076555,171897145,1025
ed25519,N,narrow,15,41290.474,1000,0,kperf,178482195,760033269,75079608,101586,42361210,171791009,1025
ed25519,A,baseline,15,38158.437,1000,0,kperf,174091318,760037089,72858612,5338,39142606,171681874,1025
ed25519,C,baseline,15,38470.906,1000,1,kperf,172951268,760074904,73393246,5168,39470392,171693013,1025
chacha20_poly1305_encrypt,A,baseline,1,4639.050,1000,0,kperf,14961112,57692860,1515425,5155,4762624,23150732,1025
chacha20_poly1305_encrypt,C,baseline,1,4425.206,1000,1,kperf,13058681,57360434,1398322,5153,4543463,23154691,1025
chacha20_poly1305_encrypt,P,hardened,1,7147.706,1000,0,kperf,19182450,57790350,3823040,124055,7368671,23300486,1025
chacha20_poly1305_encrypt,F,func,1,7139.494,1000,0,kperf,19212927,57835684,3719901,124064,7394441,23345853,1025
chacha20_poly1305_encrypt,X,fine,1,8299.147,1000,0,kperf,21826414,57954875,5080900,177357,8589541,23401100,1025
chacha20_poly1305_encrypt,N,narrow,1,7113.092,1000,0,kperf,19174771,57800112,3752875,124057,7371087,23331872,1025
chacha20_poly1305_encrypt,C,baseline,2,4473.813,1000,1,kperf,13140458,57362146,1419187,5153,4594378,23157104,1025
chacha20_poly1305_encrypt,P,hardened,2,7196.345,1000,0,kperf,19179745,57549061,4293338,124056,7392931,23263569,1025
chacha20_poly1305_encrypt,F,func,2,7153.683,1000,0,kperf,19158391,57613319,3766379,124056,7374777,23282101,1025
chacha20_poly1305_encrypt,X,fine,2,8277.050,1000,0,kperf,21710811,57652284,5071914,177359,8523289,23320805,1025
chacha20_poly1305_encrypt,N,narrow,2,7171.796,1000,0,kperf,19192235,57517779,3740460,124057,7386363,23258457,1025
chacha20_poly1305_encrypt,A,baseline,2,4609.720,1000,0,kperf,14818696,57492877,1407350,5155,4738472,23148532,1025
chacha20_poly1305_encrypt,P,hardened,3,7181.707,1000,0,kperf,19276429,57566658,3690505,124055,7384711,23261339,1025
chacha20_poly1305_encrypt,F,func,3,7101.129,1000,0,kperf,19037403,57540909,3674415,124060,7314398,23267122,1025
chacha20_poly1305_encrypt,X,fine,3,8246.214,1000,0,kperf,21455144,57628705,5031475,177359,8489695,23313518,1025
chacha20_poly1305_encrypt,N,narrow,3,7187.353,1000,0,kperf,19208465,57532894,3866169,124056,7408505,23255781,1025
chacha20_poly1305_encrypt,A,baseline,3,4401.943,1000,0,kperf,14048268,57397209,1388930,5155,4516854,23153222,1025
chacha20_poly1305_encrypt,C,baseline,3,4474.053,1000,1,kperf,13346891,57414056,1407948,5153,4594454,23165391,1025
chacha20_poly1305_encrypt,F,func,4,7230.811,1000,0,kperf,19446629,57571459,4083520,124058,7444337,23269078,1025
chacha20_poly1305_encrypt,X,fine,4,8212.198,1000,0,kperf,21530155,57644583,5129308,177361,8453898,23317529,1025
chacha20_poly1305_encrypt,N,narrow,4,7108.648,1000,0,kperf,19073315,57504167,4217720,124058,7328203,23249979,1025
chacha20_poly1305_encrypt,A,baseline,4,4468.488,1000,0,kperf,14204856,57450988,1396004,5156,4587716,23166242,1025
chacha20_poly1305_encrypt,C,baseline,4,4585.662,1000,1,kperf,13595441,57347072,1607394,5153,4709273,23155459,1025
chacha20_poly1305_encrypt,P,hardened,4,7411.471,1000,0,kperf,19984954,57542390,3793393,124056,7618052,23263510,1025
chacha20_poly1305_encrypt,X,fine,5,8275.146,1000,0,kperf,21545271,57670693,5194079,177359,8519236,23324043,1025
chacha20_poly1305_encrypt,N,narrow,5,7266.076,1000,0,kperf,19383156,57508179,3638705,124059,7483254,23254720,1025
chacha20_poly1305_encrypt,A,baseline,5,4441.957,1000,0,kperf,14048435,57388517,1374126,5154,4560207,23146117,1025
chacha20_poly1305_encrypt,C,baseline,5,4535.826,1000,1,kperf,13329964,57356202,1401475,5152,4657242,23155729,1025
chacha20_poly1305_encrypt,P,hardened,5,7193.494,1000,0,kperf,19338443,57595264,3702277,124068,7395858,23265111,1025
chacha20_poly1305_encrypt,F,func,5,7168.473,1000,0,kperf,19233764,57539287,4180914,124057,7483770,23270090,1025
chacha20_poly1305_encrypt,N,narrow,6,7202.119,1000,0,kperf,19295286,57540923,3658477,124056,7424055,23258082,1025
chacha20_poly1305_encrypt,A,baseline,6,4429.018,1000,0,kperf,14137098,57395458,1372759,5155,4547156,23149806,1025
chacha20_poly1305_encrypt,C,baseline,6,4519.819,1000,1,kperf,13403791,57329965,1571256,5152,4640353,23146087,1025
chacha20_poly1305_encrypt,P,hardened,6,7196.576,1000,0,kperf,19279149,57564501,3769498,124055,7400982,23269530,1025
chacha20_poly1305_encrypt,F,func,6,7130.972,1000,0,kperf,19000559,57544723,3707495,124057,7336957,23272036,1025
chacha20_poly1305_encrypt,X,fine,6,8491.601,1000,0,kperf,22286615,57640206,5058047,177358,8736416,23316378,1025
chacha20_poly1305_encrypt,A,baseline,7,4497.892,1000,0,kperf,14197582,57417793,1374856,5156,4617980,23148217,1025
chacha20_poly1305_encrypt,C,baseline,7,4536.859,1000,1,kperf,13366689,57326747,1438893,5152,4657610,23145908,1025
chacha20_poly1305_encrypt,P,hardened,7,7188.639,1000,0,kperf,19069193,57536179,3713054,124055,7384281,23260090,1025
chacha20_poly1305_encrypt,F,func,7,7090.675,1000,0,kperf,18828229,57572367,3695192,124056,7297170,23274902,1025
chacha20_poly1305_encrypt,X,fine,7,8315.141,1000,0,kperf,21614635,57629933,5547616,177360,8550376,23311816,1025
chacha20_poly1305_encrypt,N,narrow,7,7116.611,1000,0,kperf,19012169,57501367,3786640,124055,7321787,23246614,1025
chacha20_poly1305_encrypt,C,baseline,8,4518.761,1000,1,kperf,13228230,57376155,1422674,5153,4638252,23160327,1025
chacha20_poly1305_encrypt,P,hardened,8,7297.736,1000,0,kperf,19327173,57551859,3829308,124056,7521440,23276322,1025
chacha20_poly1305_encrypt,F,func,8,7217.051,1000,0,kperf,19094849,57539490,4149818,124058,7424906,23269630,1025
chacha20_poly1305_encrypt,X,fine,8,8264.283,1000,0,kperf,21581358,57693171,5118911,177356,8513814,23332436,1025
chacha20_poly1305_encrypt,N,narrow,8,7189.280,1000,0,kperf,19175660,57559043,4145513,124062,7397650,23251954,1025
chacha20_poly1305_encrypt,A,baseline,8,4630.357,1000,0,kperf,14803060,57458569,1384537,5162,4758886,23158480,1025
chacha20_poly1305_encrypt,P,hardened,9,7210.983,1000,0,kperf,19171254,57557014,3750230,124058,7407957,23262911,1025
chacha20_poly1305_encrypt,F,func,9,7167.281,1000,0,kperf,19077643,57541427,3655418,124059,7371494,23268821,1025
chacha20_poly1305_encrypt,X,fine,9,8305.155,1000,0,kperf,21775168,57652456,5091384,177356,8550597,23325052,1025
chacha20_poly1305_encrypt,N,narrow,9,7200.078,1000,0,kperf,19296349,57554256,4124866,124058,7417913,23265632,1025
chacha20_poly1305_encrypt,A,baseline,9,4391.150,1000,0,kperf,14056415,57384542,1356918,5155,4508457,23144377,1025
chacha20_poly1305_encrypt,C,baseline,9,4557.645,1000,1,kperf,13584439,57401187,1488297,5158,4742279,23153071,1025
chacha20_poly1305_encrypt,F,func,10,7217.888,1000,0,kperf,19160378,57563639,4137536,124058,7435851,23275981,1025
chacha20_poly1305_encrypt,X,fine,10,8244.364,1000,0,kperf,21489749,57635332,5134429,177357,8483864,23312955,1025
chacha20_poly1305_encrypt,N,narrow,10,7173.794,1000,0,kperf,19132366,57524502,3795383,124056,7394084,23258467,1025
chacha20_poly1305_encrypt,A,baseline,10,4498.588,1000,0,kperf,14244484,57428466,1403705,5154,4618627,23152637,1025
chacha20_poly1305_encrypt,C,baseline,10,4711.596,1000,1,kperf,14014358,57357186,1393939,5152,4840152,23154688,1025
chacha20_poly1305_encrypt,P,hardened,10,7202.153,1000,0,kperf,19212408,57573392,3729219,124062,7410809,23279881,1025
chacha20_poly1305_encrypt,X,fine,11,8364.899,1000,0,kperf,22072097,57678627,5534036,177360,8604283,23322337,1025
chacha20_poly1305_encrypt,N,narrow,11,7204.159,1000,0,kperf,19263339,57511113,3727356,124057,7417842,23254229,1025
chacha20_poly1305_encrypt,A,baseline,11,4480.149,1000,0,kperf,14176925,57399809,1418917,5156,4598980,23154954,1025
chacha20_poly1305_encrypt,C,baseline,11,4541.783,1000,1,kperf,13465813,57365937,1570482,5153,4662093,23145042,1025
chacha20_poly1305_encrypt,P,hardened,11,7130.631,1000,0,kperf,19033850,57537911,3747590,124058,7331341,23263823,1025
chacha20_poly1305_encrypt,F,func,11,7139.764,1000,0,kperf,19078120,57539553,4154361,124056,7353274,23270569,1025
chacha20_poly1305_encrypt,N,narrow,12,7194.483,1000,0,kperf,19131696,57533953,3747193,124058,7417093,23251552,1025
chacha20_poly1305_encrypt,A,baseline,12,4417.790,1000,0,kperf,14092856,57383210,1382353,5154,4534914,23144264,1025
chacha20_poly1305_encrypt,C,baseline,12,4546.460,1000,1,kperf,13519269,57330333,1384975,5152,4667451,23146054,1025
chacha20_poly1305_encrypt,P,hardened,12,7210.587,1000,0,kperf,19311675,57616180,3715988,124060,7414141,23261976,1025
chacha20_poly1305_encrypt,F,func,12,7105.033,1000,0,kperf,19124637,57529841,4128904,124057,7324952,23264452,1025
chacha20_poly1305_encrypt,X,fine,12,8223.397,1000,0,kperf,21612426,57634903,5074430,177357,8468622,23312987,1025
chacha20_poly1305_encrypt,A,baseline,13,4475.986,1000,0,kperf,14402905,57392888,1541574,5164,4594621,23148907,1025
chacha20_poly1305_encrypt,C,baseline,13,4572.308,1000,1,kperf,13549448,57335922,1623859,5152,4693991,23150152,1025
chacha20_poly1305_encrypt,P,hardened,13,7177.077,1000,0,kperf,19330727,57556374,3801897,124063,7388446,23264414,1025
chacha20_poly1305_encrypt,F,func,13,7129.035,1000,0,kperf,19124037,57539108,3705119,124057,7345908,23265134,1025
chacha20_poly1305_encrypt,X,fine,13,8270.979,1000,0,kperf,21484847,57645603,4993498,177356,8504696,23317879,1025
chacha20_poly1305_encrypt,N,narrow,13,7212.511,1000,0,kperf,19135724,57503977,4135824,124057,7418406,23248469,1025
chacha20_poly1305_encrypt,C,baseline,14,4484.906,1000,1,kperf,13386648,57349481,1418444,5153,4605796,23149169,1025
chacha20_poly1305_encrypt,P,hardened,14,7151.364,1000,0,kperf,18990845,57555680,3812991,124057,7347836,23270253,1025
chacha20_poly1305_encrypt,F,func,14,7162.891,1000,0,kperf,19020960,57541030,3682909,124059,7368382,23268116,1025
chacha20_poly1305_encrypt,X,fine,14,8544.758,1000,0,kperf,22254616,57642959,5099475,177357,8791325,23315645,1025
chacha20_poly1305_encrypt,N,narrow,14,7159.327,1000,0,kperf,19135666,57510216,3784585,124059,7367011,23247261,1025
chacha20_poly1305_encrypt,A,baseline,14,4402.355,1000,0,kperf,14012090,57389600,1385478,5156,4520377,23145044,1025
chacha20_poly1305_encrypt,P,hardened,15,7219.452,1000,0,kperf,19264044,57544210,3848152,124055,7416900,23261257,1025
chacha20_poly1305_encrypt,F,func,15,7113.744,1000,0,kperf,18947857,57539372,3655850,124058,7319230,23265782,1025
chacha20_poly1305_encrypt,X,fine,15,8310.113,1000,0,kperf,21601192,57635856,5095398,177359,8545008,23314355,1025
chacha20_poly1305_encrypt,N,narrow,15,7121.494,1000,0,kperf,18980704,57525848,3732941,124057,7327221,23258251,1025
chacha20_poly1305_encrypt,A,baseline,15,4507.082,1000,0,kperf,14189375,57403399,1386541,5156,4628128,23147182,1025
chacha20_poly1305_encrypt,C,baseline,15,4452.560,1000,1,kperf,13132940,57332434,1410881,5152,4571599,23146662,1025
chacha20_poly1305_decrypt,A,baseline,1,4561.468,1000,0,kperf,14460515,57680516,1546570,5159,4729780,23472884,1025
chacha20_poly1305_decrypt,C,baseline,1,4533.038,1000,1,kperf,13326807,57340690,1381342,5152,4661691,23435576,1025
chacha20_poly1305_decrypt,P,hardened,1,7440.631,1000,0,kperf,19265594,57784814,3962656,124059,7663793,23589640,1025
chacha20_poly1305_decrypt,F,func,1,7651.733,1000,0,kperf,20166941,57837969,3921900,124058,7885087,23592126,1025
chacha20_poly1305_decrypt,X,fine,1,8683.377,1000,0,kperf,21763957,57933751,5201865,177360,8940494,23640273,1025
chacha20_poly1305_decrypt,N,narrow,1,7517.451,1000,0,kperf,19511726,57801437,4308407,124057,7745950,23567207,1025
chacha20_poly1305_decrypt,C,baseline,2,4636.643,1000,1,kperf,13529145,57335862,1568373,5152,4767684,23434586,1025
chacha20_poly1305_decrypt,P,hardened,2,7550.532,1000,0,kperf,19661503,57554427,3891468,124056,7759322,23553796,1025
chacha20_poly1305_decrypt,F,func,2,7468.566,1000,0,kperf,19284607,57553260,3774373,124057,7675055,23541532,1025
chacha20_poly1305_decrypt,X,fine,2,8654.728,1000,0,kperf,21561047,57646208,5505224,177358,8887216,23593606,1025
chacha20_poly1305_decrypt,N,narrow,2,7421.716,1000,0,kperf,19431990,57552028,3658723,124056,7623784,23542197,1025
chacha20_poly1305_decrypt,A,baseline,2,4455.611,1000,0,kperf,14274077,57395332,1445805,5154,4584186,23436374,1025
chacha20_poly1305_decrypt,P,hardened,3,7424.095,1000,0,kperf,19106028,57561866,3700764,124055,7625066,23560901,1025
chacha20_poly1305_decrypt,F,func,3,7479.594,1000,0,kperf,19373286,57548631,3836531,124060,7681224,23540908,1025
chacha20_poly1305_decrypt,X,fine,3,8717.660,1000,0,kperf,21764766,57660256,5007536,177358,8954859,23598378,1025
chacha20_poly1305_decrypt,N,narrow,3,7732.998,1000,0,kperf,20078011,57532240,3846087,124057,7946593,23520833,1025
chacha20_poly1305_decrypt,A,baseline,3,4479.525,1000,0,kperf,14231940,57574002,1414087,5158,4606603,23441966,1025
chacha20_poly1305_decrypt,C,baseline,3,4564.207,1000,1,kperf,13354958,57397509,1432700,5153,4739526,23436102,1025
chacha20_poly1305_decrypt,F,func,4,7335.064,1000,0,kperf,18993051,57593498,4286619,124059,7537317,23537999,1025
chacha20_poly1305_decrypt,X,fine,4,8682.123,1000,0,kperf,21567236,57698214,5026414,177356,8915206,23590759,1025
chacha20_poly1305_decrypt,N,narrow,4,7480.609,1000,0,kperf,19354954,57627120,3873761,124060,7686818,23525350,1025
chacha20_poly1305_decrypt,A,baseline,4,4444.198,1000,0,kperf,14145175,57442222,1425074,5156,4574917,23444636,1025
chacha20_poly1305_decrypt,C,baseline,4,4647.321,1000,1,kperf,13461593,57372741,1567857,5153,4781408,23441766,1025
chacha20_poly1305_decrypt,P,hardened,4,7538.276,1000,0,kperf,19602609,57973352,4273077,124058,7744275,23544107,1025
chacha20_poly1305_decrypt,X,fine,5,8771.973,1000,0,kperf,21655869,57676099,5558721,177359,9003812,23615067,1025
chacha20_poly1305_decrypt,N,narrow,5,7549.382,1000,0,kperf,19307300,57528089,3671862,124060,7754199,23533897,1025
chacha20_poly1305_decrypt,A,baseline,5,4751.866,1000,0,kperf,15040196,57409159,1421788,5154,4893289,23451795,1025
chacha20_poly1305_decrypt,C,baseline,5,4803.749,1000,1,kperf,14074820,57330205,1634108,5152,4936576,23432331,1025
chacha20_poly1305_decrypt,P,hardened,5,7396.260,1000,0,kperf,19015653,57529005,3840715,124057,7618423,23542862,1025
chacha20_poly1305_decrypt,F,func,5,7412.415,1000,0,kperf,19146318,57544045,3693098,124058,7623044,23539827,1025
chacha20_poly1305_decrypt,N,narrow,6,7505.830,1000,0,kperf,19246137,57517035,3859445,124056,7705525,23530200,1025
chacha20_poly1305_decrypt,A,baseline,6,4453.252,1000,0,kperf,14070278,57413145,1415237,5154,4577410,23447208,1025
chacha20_poly1305_decrypt,C,baseline,6,4595.788,1000,1,kperf,13420795,57359698,1574001,5152,4724149,23447284,1025
chacha20_poly1305_decrypt,P,hardened,6,7425.688,1000,0,kperf,19122359,57562793,3743558,124056,7628303,23556269,1025
chacha20_poly1305_decrypt,F,func,6,7379.733,1000,0,kperf,19137734,57542413,3815816,124066,7586978,23542762,1025
chacha20_poly1305_decrypt,X,fine,6,8687.976,1000,0,kperf,21651900,57686003,5560864,177363,8919242,23588130,1025
chacha20_poly1305_decrypt,A,baseline,7,4501.858,1000,0,kperf,14136084,57404315,1465901,5156,4626148,23447302,1025
chacha20_poly1305_decrypt,C,baseline,7,4529.930,1000,1,kperf,13295388,57334164,1382841,5152,4655284,23435641,1025
chacha20_poly1305_decrypt,P,hardened,7,7596.298,1000,0,kperf,19772705,57535431,3714774,124059,7798510,23539768,1025
chacha20_poly1305_decrypt,F,func,7,7384.349,1000,0,kperf,19166545,57532012,4231765,124056,7584394,23537982,1025
chacha20_poly1305_decrypt,X,fine,7,8732.692,1000,0,kperf,21608510,57630274,5619066,177357,8965862,23593153,1025
chacha20_poly1305_decrypt,N,narrow,7,7424.638,1000,0,kperf,19092512,57503085,3682671,124059,7623615,23521512,1025
chacha20_poly1305_decrypt,C,baseline,8,4565.054,1000,1,kperf,13327553,57346356,1370222,5153,4690418,23443803,1025
chacha20_poly1305_decrypt,P,hardened,8,7445.818,1000,0,kperf,19311158,57547142,4214604,124055,7650576,23549814,1025
chacha20_poly1305_decrypt,F,func,8,7341.624,1000,0,kperf,18909941,57530348,3829965,124061,7541003,23536053,1025
chacha20_poly1305_decrypt,X,fine,8,8614.359,1000,0,kperf,21530720,57636744,5109621,177358,8847857,23591046,1025
chacha20_poly1305_decrypt,N,narrow,8,7408.813,1000,0,kperf,19159596,57528468,3684238,124058,7611971,23533807,1025
chacha20_poly1305_decrypt,A,baseline,8,4606.205,1000,0,kperf,14454454,57451493,1544947,5167,4734244,23433130,1025
chacha20_poly1305_decrypt,P,hardened,9,7481.162,1000,0,kperf,19373982,57546058,3878927,124058,7685591,23550119,1025
chacha20_poly1305_decrypt,F,func,9,7421.277,1000,0,kperf,19273901,57536900,4247916,124057,7627493,23539525,1025
chacha20_poly1305_decrypt,X,fine,9,9006.490,1000,0,kperf,22599166,57650120,4979824,177361,9249017,23598107,1025
chacha20_poly1305_decrypt,N,narrow,9,7464.522,1000,0,kperf,19329660,57504581,3751839,124055,7666519,23519173,1025
chacha20_poly1305_decrypt,A,baseline,9,4516.181,1000,0,kperf,14410283,57412672,1388808,5157,4641522,23448707,1025
chacha20_poly1305_decrypt,C,baseline,9,4536.541,1000,1,kperf,13309636,57342604,1374060,5152,4667895,23442072,1025
chacha20_poly1305_decrypt,F,func,10,7477.082,1000,0,kperf,19418570,57531901,4295206,124056,7683196,23538843,1025
chacha20_poly1305_decrypt,X,fine,10,8738.137,1000,0,kperf,21759961,57657137,5523097,177357,8969264,23600296,1025
chacha20_poly1305_decrypt,N,narrow,10,7431.410,1000,0,kperf,19250140,57502736,4358318,124058,7635621,23519435,1025
chacha20_poly1305_decrypt,A,baseline,10,4515.328,1000,0,kperf,14127780,57393799,1386378,5159,4644197,23441085,1025
chacha20_poly1305_decrypt,C,baseline,10,4491.643,1000,1,kperf,13217836,57327382,1428567,5152,4619434,23435416,1025
chacha20_poly1305_decrypt,P,hardened,10,7488.897,1000,0,kperf,19312164,57593649,3958631,124060,7695146,23544437,1025
chacha20_poly1305_decrypt,X,fine,11,8689.253,1000,0,kperf,21613338,57627669,5252847,177356,8923225,23589816,1025
chacha20_poly1305_decrypt,N,narrow,11,7783.958,1000,0,kperf,20045736,57508002,3797633,124057,7997575,23520247,1025
chacha20_poly1305_decrypt,A,baseline,11,4493.806,1000,0,kperf,14231365,57382939,1394791,5156,4626402,23432813,1025
chacha20_poly1305_decrypt,C,baseline,11,4620.161,1000,1,kperf,13400334,57337656,1394829,5153,4751968,23440022,1025
chacha20_poly1305_decrypt,P,hardened,11,7510.229,1000,0,kperf,19250148,57540734,3740785,124057,7712396,23548605,1025
chacha20_poly1305_decrypt,F,func,11,7469.253,1000,0,kperf,19269705,57552884,3638114,124061,7670492,23554490,1025
chacha20_poly1305_decrypt,N,narrow,12,7491.836,1000,0,kperf,19251155,57508406,4304690,124057,7704982,23527530,1025
chacha20_poly1305_decrypt,A,baseline,12,4556.765,1000,0,kperf,14363753,57411358,1420242,5154,4685331,23442432,1025
chacha20_poly1305_decrypt,C,baseline,12,4550.585,1000,1,kperf,13315442,57354623,1462689,5152,4677114,23452687,1025
chacha20_poly1305_decrypt,P,hardened,12,7436.732,1000,0,kperf,19124060,57532749,3842091,124056,7635127,23543626,1025
chacha20_poly1305_decrypt,F,func,12,7444.100,1000,0,kperf,19139669,57538733,4088360,124059,7643506,23540610,1025
chacha20_poly1305_decrypt,X,fine,12,8643.471,1000,0,kperf,21468899,57631422,5283966,177358,8874515,23594904,1025
chacha20_poly1305_decrypt,A,baseline,13,4414.908,1000,0,kperf,14088028,57404409,1362507,5155,4538548,23444811,1025
chacha20_poly1305_decrypt,C,baseline,13,4762.455,1000,1,kperf,13848184,57325324,1414481,5153,4900154,23434536,1025
chacha20_poly1305_decrypt,P,hardened,13,7522.860,1000,0,kperf,19260907,57535381,3936722,124057,7721851,23546793,1025
chacha20_poly1305_decrypt,F,func,13,7337.484,1000,0,kperf,19038302,57532268,3725268,124060,7535927,23531248,1025
chacha20_poly1305_decrypt,X,fine,13,8625.279,1000,0,kperf,21434058,57674354,5099373,177357,8854489,23587998,1025
chacha20_poly1305_decrypt,N,narrow,13,7415.749,1000,0,kperf,19110707,57507461,3867876,124060,7616395,23521229,1025
chacha20_poly1305_decrypt,C,baseline,14,4526.072,1000,1,kperf,13156263,57330953,1403415,5153,4664953,23435820,1025
chacha20_poly1305_decrypt,P,hardened,14,7381.120,1000,0,kperf,19091236,57527490,3750490,124058,7580602,23541150,1025
chacha20_poly1305_decrypt,F,func,14,7410.977,1000,0,kperf,19097543,57533793,3632846,124059,7619221,23538960,1025
chacha20_poly1305_decrypt,X,fine,14,8658.207,1000,0,kperf,21533612,57631415,5114281,177358,8888197,23589724,1025
chacha20_poly1305_decrypt,N,narrow,14,7432.914,1000,0,kperf,19097523,57498533,3874189,124056,7632602,23520662,1025
chacha20_poly1305_decrypt,A,baseline,14,4530.752,1000,0,kperf,14313193,57385404,1457349,5154,4657459,23436337,1025
chacha20_poly1305_decrypt,P,hardened,15,7650.955,1000,0,kperf,19912227,57548473,3980034,124059,7861089,23548387,1025
chacha20_poly1305_decrypt,F,func,15,7374.470,1000,0,kperf,19066334,57524688,3774395,124055,7574987,23532058,1025
chacha20_poly1305_decrypt,X,fine,15,8659.234,1000,0,kperf,21488344,57639794,4985123,177356,8892106,23588622,1025
chacha20_poly1305_decrypt,N,narrow,15,7325.106,1000,0,kperf,18939954,57496568,3924206,124056,7528609,23520614,1025
chacha20_poly1305_decrypt,A,baseline,15,4441.998,1000,0,kperf,14011800,57387942,1400188,5182,4567949,23442816,1025
chacha20_poly1305_decrypt,C,baseline,15,4673.142,1000,1,kperf,13606069,57342513,1622960,5152,4803350,23438527,1025
argon2id,A,baseline,1,216074402.550,100,0,kperf,27058823995,84459074301,14919462960,665421,27054279521,84454337490,125
argon2id,C,baseline,1,216032261.700,100,1,kperf,27039510768,84408296616,14929179370,657308,27035283063,84404054657,125
argon2id,P,hardened,1,216920462.360,100,0,kperf,27084142031,84388583450,15002535841,690710,27079897380,84383981875,125
argon2id,F,func,1,215447736.670,100,0,kperf,26966792107,84251012333,14953020638,671050,26962708733,84246628928,125
argon2id,X,fine,1,215995546.870,100,0,kperf,27053186007,84254640465,14939658589,671247,27048926155,84250260652,125
argon2id,N,narrow,1,217627723.520,100,0,kperf,27184705331,84409003735,15011576982,695225,27180290123,84404312119,125
argon2id,C,baseline,2,216856367.020,100,1,kperf,27088841614,84470376333,14987982269,665063,27084766858,84466075678,125
argon2id,P,hardened,2,216430953.640,100,0,kperf,27065449000,84422204145,14997251614,695174,27061472111,84417891857,125
argon2id,F,func,2,216595908.310,100,0,kperf,27096341347,84436930069,14992199256,697314,27092463442,84432740761,125
argon2id,X,fine,2,216778419.960,100,0,kperf,27086160157,84403034481,14960041514,692033,27082157875,84398728030,125
argon2id,N,narrow,2,216749792.790,100,0,kperf,27117021255,84405349308,15008117112,693229,27112984962,84400902156,125
argon2id,A,baseline,2,216594754.540,100,0,kperf,27080344784,84397195649,14978509443,656392,27076185526,84392896226,125
argon2id,P,hardened,3,216669679.640,100,0,kperf,27087876485,84316941003,14985127284,679944,27083670614,84312681111,125
argon2id,F,func,3,216436436.690,100,0,kperf,27038191795,84345221144,14970770979,686008,27034200325,84340999301,125
argon2id,X,fine,3,215247442.000,100,0,kperf,26930252050,84252007470,14857250958,673164,26926236624,84247811854,125
argon2id,N,narrow,3,214654484.660,100,0,kperf,26835801622,84236105403,14802110040,674167,26831535709,84231787763,125
argon2id,A,baseline,3,211558351.460,100,0,kperf,26595950618,83550403673,14938977020,535896,26591801741,83546199006,125
argon2id,C,baseline,3,211593716.490,100,1,kperf,26464926971,83405474835,14891371469,514761,26460980815,83401224992,125
argon2id,F,func,4,211526450.850,100,0,kperf,26429695760,83396344454,14875144521,551447,26425725166,83392169332,125
argon2id,X,fine,4,211214029.060,100,0,kperf,26421447623,83386885752,14860980669,553042,26417455918,83382724364,125
argon2id,N,narrow,4,211030113.390,100,0,kperf,26406551662,83384392973,14873115799,551492,26402393905,83380097307,125
argon2id,A,baseline,4,211519427.450,100,0,kperf,26451161519,83402997385,14881985127,514886,26446970832,83398782432,125
argon2id,C,baseline,4,211337401.520,100,1,kperf,26434066140,83433860626,14826215400,518723,26429884396,83429562508,125
argon2id,P,hardened,4,212044534.210,100,0,kperf,26490392057,83533342696,14841707160,571123,26486426659,83529108688,125
argon2id,X,fine,5,212063165.580,100,0,kperf,26522489607,83456965750,14886873821,562208,26518468475,83452508543,125
argon2id,N,narrow,5,212247965.990,100,0,kperf,26544290156,83573096697,14882894581,579440,26540233174,83568882957,125
argon2id,A,baseline,5,212908472.430,100,0,kperf,26610630081,83582533239,14899118285,541534,26606642363,83578315777,125
argon2id,C,baseline,5,212549546.480,100,1,kperf,26549363026,83553075357,14877776175,537775,26545397113,83548836842,125
argon2id,P,hardened,5,211215645.850,100,0,kperf,26425007737,83461376225,14866486969,565387,26421130451,83457238183,125
argon2id,F,func,5,211975712.170,100,0,kperf,26514562959,83437104009,14897980839,556859,26510442310,83432709831,125
argon2id,N,narrow,6,211729260.120,100,0,kperf,26469466123,83417272087,14885211868,556753,26465205517,83413020029,125
argon2id,A,baseline,6,211936942.900,100,0,kperf,26484619013,83443239104,14859431150,521345,26480599108,83438980472,125
argon2id,C,baseline,6,212565647.930,100,1,kperf,26553798293,83650785578,14841158753,551489,26549540208,83646417493,125
argon2id,P,hardened,6,212791539.060,100,0,kperf,26614190817,83710739278,14860136099,597044,26610250404,83706506075,125
argon2id,F,func,6,212767291.890,100,0,kperf,26597277968,83666902216,14886384170,592669,26593086446,83662678523,125
argon2id,X,fine,6,212890033.530,100,0,kperf,26628535934,83682249093,14855119326,595635,26624300055,83678069779,125
argon2id,A,baseline,7,212826841.110,100,0,kperf,26592448436,83674084612,14841465359,556055,26588363045,83669825573,125
argon2id,C,baseline,7,212644642.970,100,1,kperf,26549820428,83842837210,14757964320,581709,26545516026,83838552968,125
argon2id,P,hardened,7,213233983.270,100,0,kperf,26658461440,83877674551,14864454581,623096,26654397592,83873446051,125
argon2id,F,func,7,213810422.550,100,0,kperf,26758143111,83847695622,14897710726,617895,26753855052,83843356484,125
argon2id,X,fine,7,213636646.820,100,0,kperf,26715397615,83780869134,14863341725,610285,26711180585,83776612085,125
argon2id,N,narrow,7,212981267.570,100,0,kperf,26615681873,83650000303,14857754123,590192,26611640597,83645818258,125
argon2id,C,baseline,8,212240910.360,100,1,kperf,26524858773,83596900886,14827344348,545168,26521022252,83592706837,125
argon2id,P,hardened,8,212249504.740,100,0,kperf,26542304471,83548562062,14897093133,574965,26538103395,83544160334,125
argon2id,F,func,8,210628748.400,100,0,kperf,26329410312,83396275968,14793150992,551532,26325624803,83392099777,125
argon2id,X,fine,8,211060217.050,100,0,kperf,26351479509,83393441368,14773899239,552929,26347669341,83389256753,125
argon2id,N,narrow,8,210913315.160,100,0,kperf,26361916698,83407929101,14789101050,552846,26358022629,83403752112,125
argon2id,A,baseline,8,211401385.470,100,0,kperf,26434376566,83402838289,14859951084,516009,26430174911,83398597369,125
argon2id,P,hardened,9,211572323.820,100,0,kperf,26450638678,83400333681,14870493267,552075,26446503735,83395900618,125
argon2id,F,func,9,210990805.220,100,0,kperf,26363458481,83403174156,14809762909,553622,26359521054,83398802327,125
argon2id,X,fine,9,211239131.850,100,0,kperf,26403583397,83420846212,14793254203,556790,26399571970,83416572872,125
argon2id,N,narrow,9,210996427.640,100,0,kperf,26387814487,83423617590,14810375712,555427,26383890752,83419476122,125
argon2id,A,baseline,9,211028018.460,100,0,kperf,26401138881,83433098808,14813232844,520791,26396973287,83428933504,125
argon2id,C,baseline,9,211134091.670,100,1,kperf,26388442862,83397983944,14831573999,515395,26384453116,83393598147,125
argon2id,F,func,10,210760942.040,100,0,kperf,26342783102,83388276938,14822048336,551493,26338830780,83384076834,125
argon2id,X,fine,10,210914403.250,100,0,kperf,26367816602,83402166782,14787210478,554751,26363868632,83398002255,125
argon2id,N,narrow,10,210948464.810,100,0,kperf,26382744834,83399302884,14824499753,552569,26378803113,83395147544,125
argon2id,A,baseline,10,210973288.710,100,0,kperf,26371166944,83397683886,14805523003,514585,26367182300,83393531810,125
argon2id,C,baseline,10,210607383.960,100,1,kperf,26340052878,83392625248,14794004726,514414,26336018346,83388430795,125
argon2id,P,hardened,10,210857265.690,100,0,kperf,26365364812,83388270542,14831101890,551413,26361400158,83384090967,125
argon2id,X,fine,11,211166558.590,100,0,kperf,26383370384,83396947066,14791708639,552912,26379688170,83392771916,125
argon2id,N,narrow,11,210841735.450,100,0,kperf,26345119666,83391844266,14805504490,551401,26341122363,83387675474,125
argon2id,A,baseline,11,211188572.450,100,0,kperf,26405601807,83393645948,14838095585,514579,26401554999,83389244654,125
argon2id,C,baseline,11,210616613.640,100,1,kperf,26334203958,83392228925,14808055821,514347,26330268371,83388082781,125
argon2id,P,hardened,11,210845075.400,100,0,kperf,26350777696,83390925401,14815476246,551475,26346791469,83386716737,125
argon2id,F,func,11,210999663.120,100,0,kperf,26373885104,83396916105,14811999882,551518,26369935580,83392728059,125
argon2id,N,narrow,12,210816591.090,100,0,kperf,26339366869,83390026099,14783798401,551538,26335488659,83385823989,125
argon2id,A,baseline,12,210629232.840,100,0,kperf,26333128907,83391108106,14775067709,514703,26328826528,83386730328,125
argon2id,C,baseline,12,210260202.670,100,1,kperf,26298610049,83395876603,14747284638,514482,26294557766,83391660934,125
argon2id,P,hardened,12,210747087.620,100,0,kperf,26345457165,83393240870,14780127671,551444,26341410141,83388814700,125
argon2id,F,func,12,211325964.330,100,0,kperf,26354079350,83413871579,14774793185,554171,26349863050,83409619382,125
argon2id,X,fine,12,209789128.850,100,0,kperf,26234964726,83390055909,14693031497,552964,26230827115,83385758157,125
argon2id,A,baseline,13,209771961.040,100,0,kperf,26224841573,83386750057,14711833627,514780,26220617562,83382397166,125
argon2id,C,baseline,13,209749384.520,100,1,kperf,26209387936,83395748779,14683227336,514356,26205375291,83391473692,125
argon2id,P,hardened,13,209444366.340,100,0,kperf,26185865592,83395591794,14642814807,551445,26181778374,83391351644,125
argon2id,F,func,13,210359283.080,100,0,kperf,26302766288,83389911187,14767387622,551393,26298774515,83385694029,125
argon2id,X,fine,13,210572844.920,100,0,kperf,26330487289,83384495543,14792039550,553045,26326447208,83380009815,125
argon2id,N,narrow,13,210512019.480,100,0,kperf,26308236257,83392045528,14780322276,551766,26304465506,83387799137,125
argon2id,C,baseline,14,210732669.040,100,1,kperf,26329225761,83401867067,14787935845,514661,26325189336,83397670635,125
argon2id,P,hardened,14,210529129.580,100,0,kperf,26315639987,83396835289,14779197707,551440,26311587309,83392613502,125
argon2id,F,func,14,210389640.510,100,0,kperf,26316201718,83396420693,14778877171,551588,26312019145,83392082475,125
argon2id,X,fine,14,210564270.810,100,0,kperf,26312755989,83385231763,14752405960,552972,26308705500,83380708585,125
argon2id,N,narrow,14,210376375.020,100,0,kperf,26288166560,83383904234,14770425605,551561,26284130137,83379728728,125
argon2id,A,baseline,14,210452712.400,100,0,kperf,26307188169,83398270942,14761151873,514524,26303201542,83394046225,125
argon2id,P,hardened,15,210331357.970,100,0,kperf,26300063502,83396780990,14753883968,551580,26296077133,83392571733,125
argon2id,F,func,15,210040166.900,100,0,kperf,26268886603,83383540108,14757366455,551492,26264833170,83379344293,125
argon2id,X,fine,15,208775285.210,100,0,kperf,26107964593,83389739510,14543691066,552985,26103755175,83385490071,125
argon2id,N,narrow,15,209228558.600,100,0,kperf,26162702963,83388779752,14621364613,551556,26158475912,83384503730,125
argon2id,A,baseline,15,209224362.260,100,0,kperf,26183648973,83399233362,14621335960,514754,26179420731,83394973293,125
argon2id,C,baseline,15,209341038.790,100,1,kperf,26141035682,83388871359,14604310642,514490,26136761691,83384653498,125
aesni256gcm_encrypt,A,baseline,1,3720.407,1000,0,kperf,16112648,56647163,799309,6189,3820071,19355173,1025
aesni256gcm_encrypt,C,baseline,1,3730.894,1000,1,kperf,14303762,56112503,737878,6179,3832245,19352697,1025
aesni256gcm_encrypt,P,hardened,1,4268.271,1000,0,kperf,15822427,56425415,1122925,26681,4424887,19419852,1025
aesni256gcm_encrypt,F,func,1,4210.587,1000,0,kperf,15607579,56427173,1106057,26682,4363917,19420727,1025
aesni256gcm_encrypt,X,fine,1,4996.251,1000,0,kperf,17155817,56425757,1400648,41034,5165865,19443428,1025
aesni256gcm_encrypt,N,narrow,1,4280.844,1000,0,kperf,15639906,56431859,1081276,26682,4430372,19424064,1025
aesni256gcm_encrypt,C,baseline,2,3720.687,1000,1,kperf,14147476,56063783,760289,6179,3830739,19353959,1025
aesni256gcm_encrypt,P,hardened,2,4234.006,1000,0,kperf,15289912,56122566,956187,26681,4358368,19372306,1025
aesni256gcm_encrypt,F,func,2,4258.389,1000,0,kperf,15406955,56088180,1154199,26686,4386726,19380693,1025
aesni256gcm_encrypt,X,fine,2,4706.976,1000,0,kperf,16137460,56136880,1409100,41036,4842871,19392718,1025
aesni256gcm_encrypt,N,narrow,2,4260.057,1000,0,kperf,15354330,56078460,1024230,26682,4384374,19392665,1025
aesni256gcm_encrypt,A,baseline,2,3735.736,1000,0,kperf,15841015,56171550,760496,6193,3836690,19362479,1025
aesni256gcm_encrypt,P,hardened,3,4286.995,1000,0,kperf,15575015,56091027,942138,26685,4417403,19382029,1025
aesni256gcm_encrypt,F,func,3,4224.252,1000,0,kperf,15439217,56092571,1142703,26681,4350123,19380647,1025
aesni256gcm_encrypt,X,fine,3,4748.580,1000,0,kperf,16113149,56100672,1412820,41032,4885357,19392572,1025
aesni256gcm_encrypt,N,narrow,3,4266.652,1000,0,kperf,15437459,56141547,979076,26683,4408223,19390879,1025
aesni256gcm_encrypt,A,baseline,3,3852.646,1000,0,kperf,16591428,56236702,825896,6180,3958451,19360518,1025
aesni256gcm_encrypt,C,baseline,3,3752.163,1000,1,kperf,14250222,56068388,758439,6179,3867737,19358860,1025
aesni256gcm_encrypt,F,func,4,4264.234,1000,0,kperf,15538305,56097258,1177041,26682,4393938,19388262,1025
aesni256gcm_encrypt,X,fine,4,4707.916,1000,0,kperf,16070806,56118874,1416892,41033,4842663,19398789,1025
aesni256gcm_encrypt,N,narrow,4,4284.647,1000,0,kperf,15374710,56047862,993256,26680,4412611,19380798,1025
aesni256gcm_encrypt,A,baseline,4,3679.696,1000,0,kperf,15760935,56126772,740486,6183,3780476,19347118,1025
aesni256gcm_encrypt,C,baseline,4,3705.446,1000,1,kperf,14326251,56008512,867610,6179,3807833,19352145,1025
aesni256gcm_encrypt,P,hardened,4,4234.751,1000,0,kperf,15270436,56052557,999984,26682,4363698,19383461,1025
aesni256gcm_encrypt,X,fine,5,4706.048,1000,0,kperf,16233510,56121188,1455828,41032,4845471,19389742,1025
aesni256gcm_encrypt,N,narrow,5,4354.188,1000,0,kperf,15841143,56055908,1018441,26684,4487099,19377021,1025
aesni256gcm_encrypt,A,baseline,5,3654.213,1000,0,kperf,15654821,56128429,752990,6181,3754608,19351718,1025
aesni256gcm_encrypt,C,baseline,5,3700.755,1000,1,kperf,14228488,56020585,800735,6178,3802200,19349400,1025
aesni256gcm_encrypt,P,hardened,5,4468.529,1000,0,kperf,16384276,56078244,1054716,26683,4600208,19385787,1025
aesni256gcm_encrypt,F,func,5,4267.642,1000,0,kperf,15484351,56074893,1225264,26684,4397220,19376836,1025
aesni256gcm_encrypt,N,narrow,6,4317.955,1000,0,kperf,15744019,56052191,1156005,26682,4450694,19376233,1025
aesni256gcm_encrypt,A,baseline,6,3677.652,1000,0,kperf,15877975,56124000,775989,6180,3776498,19347482,1025
aesni256gcm_encrypt,C,baseline,6,3712.962,1000,1,kperf,14170736,56043484,820249,6179,3814126,19350514,1025
aesni256gcm_encrypt,P,hardened,6,4421.995,1000,0,kperf,16025706,56082549,923016,26681,4559844,19379026,1025
aesni256gcm_encrypt,F,func,6,4261.281,1000,0,kperf,15385328,56086591,1179380,26684,4390934,19380336,1025
aesni256gcm_encrypt,X,fine,6,4712.150,1000,0,kperf,16140806,56097708,1401229,41033,4851792,19387868,1025
aesni256gcm_encrypt,A,baseline,7,3678.103,1000,0,kperf,15728514,56172298,728876,6180,3777671,19358759,1025
aesni256gcm_encrypt,C,baseline,7,3773.841,1000,1,kperf,14299162,56055569,759438,6178,3875464,19368781,1025
aesni256gcm_encrypt,P,hardened,7,4257.043,1000,0,kperf,15374098,56069943,1101862,26681,4412331,19386938,1025
aesni256gcm_encrypt,F,func,7,4336.477,1000,0,kperf,15657387,56067188,1074627,26682,4467264,19391323,1025
aesni256gcm_encrypt,X,fine,7,4820.512,1000,0,kperf,16321199,56059766,1537094,41033,4966478,19400927,1025
aesni256gcm_encrypt,N,narrow,7,4281.565,1000,0,kperf,15502400,56050632,965313,26683,4413057,19380091,1025
aesni256gcm_encrypt,C,baseline,8,3740.054,1000,1,kperf,14215045,56062278,726164,6179,3844499,19363349,1025
aesni256gcm_encrypt,P,hardened,8,4366.005,1000,0,kperf,15683978,56094672,1120483,26681,4497772,19382612,1025
aesni256gcm_encrypt,F,func,8,4313.348,1000,0,kperf,15679930,56076040,1160274,26682,4444434,19390357,1025
aesni256gcm_encrypt,X,fine,8,4773.306,1000,0,kperf,16299315,56079273,1423596,41033,4917731,19395041,1025
aesni256gcm_encrypt,N,narrow,8,4301.690,1000,0,kperf,15790677,56102622,1032199,26683,4429971,19379665,1025
aesni256gcm_encrypt,A,baseline,8,3655.693,1000,0,kperf,15706434,56165287,743649,6181,3757382,19352949,1025
aesni256gcm_encrypt,P,hardened,9,4292.033,1000,0,kperf,15630512,56096738,935428,26685,4436205,19375854,1025
aesni256gcm_encrypt,F,func,9,4377.298,1000,0,kperf,15670339,56064192,1175124,26683,4505654,19382225,1025
aesni256gcm_encrypt,X,fine,9,4714.937,1000,0,kperf,15979144,56104132,1405407,41034,4852167,19399464,1025
aesni256gcm_encrypt,N,narrow,9,4482.630,1000,0,kperf,16117094,56079915,955180,26682,4617367,19378579,1025
aesni256gcm_encrypt,A,baseline,9,3719.347,1000,0,kperf,15907269,56163414,816976,7099,3819180,19347842,1025
aesni256gcm_encrypt,C,baseline,9,3723.347,1000,1,kperf,14230634,56071071,773850,6178,3823862,19356022,1025
aesni256gcm_encrypt,F,func,10,4274.788,1000,0,kperf,15463738,56093755,1247384,26684,4400233,19383437,1025
aesni256gcm_encrypt,X,fine,10,4690.442,1000,0,kperf,16090909,56076906,1485921,41031,4827197,19387899,1025
aesni256gcm_encrypt,N,narrow,10,4290.697,1000,0,kperf,15447148,56122737,1109747,26683,4428546,19378323,1025
aesni256gcm_encrypt,A,baseline,10,3705.445,1000,0,kperf,15882890,56147168,742419,7205,3805628,19355018,1025
aesni256gcm_encrypt,C,baseline,10,3735.620,1000,1,kperf,14159852,56048524,735920,6179,3837432,19365265,1025
aesni256gcm_encrypt,P,hardened,10,4320.963,1000,0,kperf,15510148,56045836,969253,26682,4447694,19382092,1025
aesni256gcm_encrypt,X,fine,11,4895.087,1000,0,kperf,16313348,56092377,1538260,41033,5035550,19392722,1025
aesni256gcm_encrypt,N,narrow,11,4250.702,1000,0,kperf,15328344,56074985,1057182,26681,4375317,19374708,1025
aesni256gcm_encrypt,A,baseline,11,3733.402,1000,0,kperf,15798934,56151208,722681,6182,3834495,19357064,1025
aesni256gcm_encrypt,C,baseline,11,3855.891,1000,1,kperf,14885170,56002313,831229,6179,3960314,19349764,1025
aesni256gcm_encrypt,P,hardened,11,4360.015,1000,0,kperf,15571150,56051016,985388,26685,4489021,19384364,1025
aesni256gcm_encrypt,F,func,11,4247.116,1000,0,kperf,15625504,56076717,1181085,26681,4376237,19380263,1025
aesni256gcm_encrypt,N,narrow,12,4331.441,1000,0,kperf,15678732,56089107,1104296,26685,4462735,19382118,1025
aesni256gcm_encrypt,A,baseline,12,3731.818,1000,0,kperf,15856220,56172770,737830,6180,3834307,19354340,1025
aesni256gcm_encrypt,C,baseline,12,3744.696,1000,1,kperf,14300424,56041963,763526,6178,3846473,19353425,1025
aesni256gcm_encrypt,P,hardened,12,4295.561,1000,0,kperf,15395060,56050687,1000248,26681,4424036,19377663,1025
aesni256gcm_encrypt,F,func,12,4262.632,1000,0,kperf,15410109,56079459,1077841,26681,4391880,19378692,1025
aesni256gcm_encrypt,X,fine,12,4689.530,1000,0,kperf,16148775,56099882,1358849,41040,4831072,19392135,1025
aesni256gcm_encrypt,A,baseline,13,3722.465,1000,0,kperf,15917213,56176236,826182,7203,3823778,19355365,1025
aesni256gcm_encrypt,C,baseline,13,3749.535,1000,1,kperf,14432702,56043604,776189,6179,3856918,19347975,1025
aesni256gcm_encrypt,P,hardened,13,4323.002,1000,0,kperf,15599867,56094657,993582,26684,4454877,19379115,1025
aesni256gcm_encrypt,F,func,13,4418.320,1000,0,kperf,16150917,56082704,1095612,26682,4592343,19377632,1025
aesni256gcm_encrypt,X,fine,13,4766.912,1000,0,kperf,16253854,56100509,1408510,41035,4908726,19392785,1025
aesni256gcm_encrypt,N,narrow,13,4269.814,1000,0,kperf,15535374,56093568,1020534,26683,4400250,19381296,1025
aesni256gcm_encrypt,C,baseline,14,3737.077,1000,1,kperf,14334751,56077164,737584,6178,3837939,19361895,1025
aesni256gcm_encrypt,P,hardened,14,4246.101,1000,0,kperf,15565581,56068614,962128,26684,4376583,19380840,1025
aesni256gcm_encrypt,F,func,14,4297.316,1000,0,kperf,15672388,56056593,1203113,26682,4442270,19392656,1025
aesni256gcm_encrypt,X,fine,14,4764.556,1000,0,kperf,16261452,56049437,1367849,41036,4904956,19399146,1025
aesni256gcm_encrypt,N,narrow,14,4264.189,1000,0,kperf,15447310,56038903,965595,26682,4394007,19391275,1025
aesni256gcm_encrypt,A,baseline,14,3721.652,1000,0,kperf,15891533,56145238,782627,6179,3823322,19362309,1025
aesni256gcm_encrypt,P,hardened,15,4281.594,1000,0,kperf,15548230,56194104,985871,26682,4409824,19380806,1025
aesni256gcm_encrypt,F,func,15,4300.207,1000,0,kperf,15450315,56074615,1078720,26682,4433003,19391615,1025
aesni256gcm_encrypt,X,fine,15,4868.263,1000,0,kperf,16995145,56057154,1445345,41035,5080766,19397775,1025
aesni256gcm_encrypt,N,narrow,15,4319.369,1000,0,kperf,15469955,56066030,981207,26684,4447773,19392560,1025
aesni256gcm_encrypt,A,baseline,15,3723.311,1000,0,kperf,15937124,56129726,779137,6181,3823462,19357067,1025
aesni256gcm_encrypt,C,baseline,15,3674.491,1000,1,kperf,14293174,56021433,794697,6178,3776412,19348035,1025
aesni256gcm_decrypt,A,baseline,1,3862.312,1000,0,kperf,16071052,56444242,800004,7203,4004146,19643564,1025
aesni256gcm_decrypt,C,baseline,1,3902.502,1000,1,kperf,14248482,56011998,750480,6178,4017108,19603670,1025
aesni256gcm_decrypt,P,hardened,1,4359.979,1000,0,kperf,15485166,56350643,1132797,26684,4507947,19666366,1025
aesni256gcm_decrypt,F,func,1,4410.263,1000,0,kperf,15606081,56331149,1201688,26681,4562350,19658961,1025
aesni256gcm_decrypt,X,fine,1,4555.228,1000,0,kperf,16450191,56371421,1357052,41031,4708494,19668939,1025
aesni256gcm_decrypt,N,narrow,1,4415.859,1000,0,kperf,15564996,56322274,1252745,26684,4566090,19659291,1025
aesni256gcm_decrypt,C,baseline,2,3877.916,1000,1,kperf,14061910,56009754,784889,6179,3989944,19603388,1025
aesni256gcm_decrypt,P,hardened,2,4408.017,1000,0,kperf,15336497,56048667,1167503,26683,4542427,19622683,1025
aesni256gcm_decrypt,F,func,2,4578.037,1000,0,kperf,16135962,56048635,1113615,26682,4706380,19622558,1025
aesni256gcm_decrypt,X,fine,2,4548.633,1000,0,kperf,15937433,56062547,1574868,41031,4688251,19625844,1025
aesni256gcm_decrypt,N,narrow,2,4425.254,1000,0,kperf,15315427,56062090,1232593,26683,4551867,19634260,1025
aesni256gcm_decrypt,A,baseline,2,3878.415,1000,0,kperf,15893521,56125473,814216,6179,3990434,19601042,1025
aesni256gcm_decrypt,P,hardened,3,4434.721,1000,0,kperf,15410730,56066230,1293005,26679,4560506,19630305,1025
aesni256gcm_decrypt,F,func,3,4425.821,1000,0,kperf,15576775,56045613,1181575,26681,4560729,19621201,1025
aesni256gcm_decrypt,X,fine,3,4601.193,1000,0,kperf,16041621,56060343,1401479,41030,4730528,19620607,1025
aesni256gcm_decrypt,N,narrow,3,4419.644,1000,0,kperf,15523555,56040467,1227855,26682,4544381,19623634,1025
aesni256gcm_decrypt,A,baseline,3,3865.370,1000,0,kperf,15821229,56152086,713091,6183,3978570,19618319,1025
aesni256gcm_decrypt,C,baseline,3,3910.852,1000,1,kperf,14071179,56018089,721836,6179,4026384,19610208,1025
aesni256gcm_decrypt,F,func,4,4381.788,1000,0,kperf,15532089,56046279,1249074,26683,4510562,19623298,1025
aesni256gcm_decrypt,X,fine,4,4678.830,1000,0,kperf,16423450,56047314,1472962,41037,4814667,19630145,1025
aesni256gcm_decrypt,N,narrow,4,4675.158,1000,0,kperf,16338475,56045652,1188792,26682,4810243,19630829,1025
aesni256gcm_decrypt,A,baseline,4,3933.704,1000,0,kperf,15874904,56103861,718006,6182,4049480,19605442,1025
aesni256gcm_decrypt,C,baseline,4,3911.450,1000,1,kperf,14384539,55998115,762929,6178,4037823,19606496,1025
aesni256gcm_decrypt,P,hardened,4,4483.916,1000,0,kperf,15709211,56051686,1196444,26682,4614757,19630820,1025
aesni256gcm_decrypt,X,fine,5,4621.823,1000,0,kperf,16296278,56039948,1646724,41031,4756448,19622799,1025
aesni256gcm_decrypt,N,narrow,5,4509.518,1000,0,kperf,15569738,56054629,1237241,26684,4645222,19636044,1025
aesni256gcm_decrypt,A,baseline,5,3891.764,1000,0,kperf,15901114,56102772,742299,6182,4009509,19602407,1025
aesni256gcm_decrypt,C,baseline,5,3892.065,1000,1,kperf,14281164,55995619,795014,6178,4008883,19603694,1025
aesni256gcm_decrypt,P,hardened,5,4359.923,1000,0,kperf,15481585,56019239,1196461,26681,4487925,19617975,1025
aesni256gcm_decrypt,F,func,5,4413.638,1000,0,kperf,15608742,56031113,1190617,26682,4544665,19618561,1025
aesni256gcm_decrypt,N,narrow,6,4439.957,1000,0,kperf,15519273,56033958,1263682,26685,4576600,19624037,1025
aesni256gcm_decrypt,A,baseline,6,3870.360,1000,0,kperf,15736054,56119237,709036,6180,3985915,19611249,1025
aesni256gcm_decrypt,C,baseline,6,4095.388,1000,1,kperf,14846815,56022912,740007,6179,4211717,19610140,1025
aesni256gcm_decrypt,P,hardened,6,4467.646,1000,0,kperf,15662418,56032364,1172844,26682,4601863,19624840,1025
aesni256gcm_decrypt,F,func,6,4500.109,1000,0,kperf,15793374,56035449,1220872,26680,4625459,19623628,1025
aesni256gcm_decrypt,X,fine,6,4572.531,1000,0,kperf,16123899,56054891,1362291,41034,4706195,19629907,1025
aesni256gcm_decrypt,A,baseline,7,3891.440,1000,0,kperf,15912938,56107915,779665,6182,4012054,19604642,1025
aesni256gcm_decrypt,C,baseline,7,3855.656,1000,1,kperf,14373390,55996695,765278,6178,3978205,19604742,1025
aesni256gcm_decrypt,P,hardened,7,4433.209,1000,0,kperf,15530978,56032230,1194477,26682,4557971,19623848,1025
aesni256gcm_decrypt,F,func,7,4403.286,1000,0,kperf,15479656,56078520,1102318,26685,4531009,19638808,1025
aesni256gcm_decrypt,X,fine,7,4566.115,1000,0,kperf,16136940,56043941,1358537,41033,4698448,19626938,1025
aesni256gcm_decrypt,N,narrow,7,4404.446,1000,0,kperf,15588359,56041979,1157060,26685,4538514,19626112,1025
aesni256gcm_decrypt,C,baseline,8,3886.166,1000,1,kperf,14207796,55990552,769431,6178,4004283,19601057,1025
aesni256gcm_decrypt,P,hardened,8,4429.369,1000,0,kperf,15545776,56041405,1092409,26684,4610733,19629135,1025
aesni256gcm_decrypt,F,func,8,4618.419,1000,0,kperf,16170645,56035960,1275697,26683,4751139,19623426,1025
aesni256gcm_decrypt,X,fine,8,4550.599,1000,0,kperf,16085343,56043096,1386967,41032,4748328,19620477,1025
aesni256gcm_decrypt,N,narrow,8,4417.394,1000,0,kperf,15326494,56021286,1247949,26684,4559542,19618856,1025
aesni256gcm_decrypt,A,baseline,8,3867.835,1000,0,kperf,15835160,56164206,787270,7102,3981564,19607433,1025
aesni256gcm_decrypt,P,hardened,9,4405.342,1000,0,kperf,15377580,56042123,1182684,26686,4528707,19627408,1025
aesni256gcm_decrypt,F,func,9,4380.503,1000,0,kperf,15310404,56025320,1159270,26681,4504838,19620421,1025
aesni256gcm_decrypt,X,fine,9,4648.937,1000,0,kperf,16106746,56065143,1514761,41031,4780196,19635728,1025
aesni256gcm_decrypt,N,narrow,9,4434.976,1000,0,kperf,15391540,56042962,1155831,26683,4560260,19626946,1025
aesni256gcm_decrypt,A,baseline,9,3876.488,1000,0,kperf,15717546,56129331,731304,6182,3991345,19622594,1025
aesni256gcm_decrypt,C,baseline,9,3940.110,1000,1,kperf,14195146,56067817,736226,6185,4066604,19613340,1025
aesni256gcm_decrypt,F,func,10,4424.904,1000,0,kperf,15580019,56016816,1086260,26682,4555656,19621574,1025
aesni256gcm_decrypt,X,fine,10,4719.432,1000,0,kperf,16652226,56042440,1473823,41034,4858201,19624351,1025
aesni256gcm_decrypt,N,narrow,10,4439.896,1000,0,kperf,15324473,56036815,1182980,26684,4564700,19627361,1025
aesni256gcm_decrypt,A,baseline,10,3875.050,1000,0,kperf,15830589,56111657,756601,6181,3988269,19601851,1025
aesni256gcm_decrypt,C,baseline,10,3951.004,1000,1,kperf,14257185,56017400,730581,6179,4070049,19612839,1025
aesni256gcm_decrypt,P,hardened,10,4444.732,1000,0,kperf,15369632,56029616,1203339,26684,4572146,19622864,1025
aesni256gcm_decrypt,X,fine,11,4621.921,1000,0,kperf,16094765,56050324,1573596,41031,4763916,19626671,1025
aesni256gcm_decrypt,N,narrow,11,4433.043,1000,0,kperf,15613407,56039309,1147526,26683,4566437,19627952,1025
aesni256gcm_decrypt,A,baseline,11,3915.476,1000,0,kperf,15901491,56146134,738939,6183,4033303,19622405,1025
aesni256gcm_decrypt,C,baseline,11,3863.192,1000,1,kperf,14022204,55997539,721569,6179,3979262,19600744,1025
aesni256gcm_decrypt,P,hardened,11,4367.449,1000,0,kperf,15387275,56043751,1151887,26681,4499280,19628449,1025
aesni256gcm_decrypt,F,func,11,4370.482,1000,0,kperf,15296638,56034193,1105275,26681,4497577,19624125,1025
aesni256gcm_decrypt,N,narrow,12,4545.170,1000,0,kperf,15759606,56079508,1238027,26684,4677846,19640722,1025
aesni256gcm_decrypt,A,baseline,12,3917.425,1000,0,kperf,15877816,56107153,703820,6179,4031398,19600487,1025
aesni256gcm_decrypt,C,baseline,12,3974.710,1000,1,kperf,14290474,56007991,724514,6180,4096142,19610210,1025
aesni256gcm_decrypt,P,hardened,12,4450.468,1000,0,kperf,15414247,56026570,1186940,26683,4579074,19619671,1025
aesni256gcm_decrypt,F,func,12,4476.628,1000,0,kperf,15646745,56036363,1230322,26684,4604566,19624769,1025
aesni256gcm_decrypt,X,fine,12,4599.763,1000,0,kperf,16309275,56047707,1437417,41035,4736806,19623492,1025
aesni256gcm_decrypt,A,baseline,13,3891.075,1000,0,kperf,16011745,56153529,704172,6183,4007831,19600972,1025
aesni256gcm_decrypt,C,baseline,13,3981.640,1000,1,kperf,14286849,56035556,761860,6179,4100399,19622939,1025
aesni256gcm_decrypt,P,hardened,13,4409.985,1000,0,kperf,15563087,56027542,1115109,26688,4536046,19621705,1025
aesni256gcm_decrypt,F,func,13,4391.781,1000,0,kperf,15557396,56045941,1088055,26681,4522098,19629794,1025
aesni256gcm_decrypt,X,fine,13,4591.563,1000,0,kperf,16010197,56064973,1487568,41030,4725788,19632367,1025
aesni256gcm_decrypt,N,narrow,13,4443.234,1000,0,kperf,15643122,56046403,1214686,26687,4576603,19637643,1025
aesni256gcm_decrypt,C,baseline,14,3889.915,1000,1,kperf,14209979,56039703,698224,6178,4008056,19624268,1025
aesni256gcm_decrypt,P,hardened,14,4599.891,1000,0,kperf,16182975,56048937,1192037,26683,4734842,19632870,1025
aesni256gcm_decrypt,F,func,14,4498.864,1000,0,kperf,15999819,56107295,1259352,26688,4628300,19631558,1025
aesni256gcm_decrypt,X,fine,14,4596.877,1000,0,kperf,16159453,56058648,1469605,41034,4735721,19630210,1025
aesni256gcm_decrypt,N,narrow,14,4492.781,1000,0,kperf,15743343,56048752,1241179,26681,4623628,19633189,1025
aesni256gcm_decrypt,A,baseline,14,3859.833,1000,0,kperf,15787724,56107724,831541,6182,3971642,19602190,1025
aesni256gcm_decrypt,P,hardened,15,4486.071,1000,0,kperf,15687842,56055332,1215540,26681,4612627,19632843,1025
aesni256gcm_decrypt,F,func,15,4428.221,1000,0,kperf,15438635,56019835,1308577,26681,4554534,19617293,1025
aesni256gcm_decrypt,X,fine,15,4585.027,1000,0,kperf,16167047,56054997,1488230,41030,4715094,19625559,1025
aesni256gcm_decrypt,N,narrow,15,4423.346,1000,0,kperf,15474856,56036392,1235401,26683,4551114,19622573,1025
aesni256gcm_decrypt,A,baseline,15,3831.538,1000,0,kperf,15575112,56098727,722466,6180,3943687,19600943,1025
aesni256gcm_decrypt,C,baseline,15,3913.142,1000,1,kperf,13979940,56024250,715483,6179,4027498,19617350,1025
