bench,arm,cfg,cycles,insts,ops,fetchInsts,icacheLines,icacheStall,l1i_acc,l1i_miss,l1d_acc,l1d_miss,l2_miss,bpLookups,bpBTBHits,condPred,condIncorr,bpSquash,bpSquashCond,sqInsts,iqFull,robFull,renBlocked,decBlocked,ftqFull,fetchRun,nisn0,ditWrites,ditCycles
aesni256gcm_decrypt,base,serdit,1076.74,1473.0,1727.0,1406.76,156.64,157.62,156.64,0.0,431.62,0.0,0.14,146.28,146.28,89.5,0.0,28.48,22.7,22.32,587.24,0.0,593.1,628.04,1040.24,917.94,710.96,0.0,0.0
aesni256gcm_decrypt,base,spec,1076.74,1473.0,1727.0,1406.76,156.64,157.62,156.64,0.0,431.62,0.0,0.14,146.28,146.28,89.5,0.0,28.48,22.7,22.32,587.24,0.0,593.1,628.04,1040.24,917.94,710.96,0.0,0.0
aesni256gcm_decrypt,notwin,serdit,1689.56,1492.0,1750.0,1501.82,107.02,108.02,107.02,0.0,467.16,0.0,0.0,121.12,121.12,71.12,0.0,0.9,0.42,0.0,486.0,0.0,492.56,1294.4,1680.46,1581.52,1330.62,15.0,1505.56
aesni256gcm_decrypt,notwin,spec,1180.64,1492.0,1750.0,1370.28,104.92,104.0,104.92,0.0,437.32,0.0,0.0,123.58,123.58,69.24,0.0,3.62,1.58,0.0,751.7,0.0,760.76,789.76,1170.32,1076.56,841.62,15.0,1146.64
aesni256gcm_decrypt,notwinnop,serdit,1149.96,1492.0,1750.0,1458.0,108.62,108.52,108.62,0.0,430.08,0.0,0.0,142.62,142.62,79.1,0.0,43.94,21.08,0.0,665.18,17.6,672.04,744.76,1119.98,1040.56,792.64,0.0,0.0
aesni256gcm_decrypt,notwinnop,spec,1149.96,1492.0,1750.0,1458.0,108.62,108.52,108.62,0.0,430.08,0.0,0.0,142.62,142.62,79.1,0.0,43.94,21.08,0.0,665.18,17.6,672.04,744.76,1119.98,1040.56,792.64,0.0,0.0
aesni256gcm_decrypt,rt,serdit,1095.62,1477.0,1735.0,1545.62,183.58,183.02,183.58,0.0,435.78,0.0,0.0,164.4,164.4,96.34,0.0,63.16,35.36,173.96,549.32,0.0,563.16,589.76,1047.9,910.58,686.24,0.0,0.0
aesni256gcm_decrypt,rt,spec,1095.62,1477.0,1735.0,1545.62,183.58,183.02,183.58,0.0,435.78,0.0,0.0,164.4,164.4,96.34,0.0,63.16,35.36,173.96,549.32,0.0,563.16,589.76,1047.9,910.58,686.24,0.0,0.0
aesni256gcm_decrypt,taint,serdit,1339.0,1479.0,1737.0,1668.74,152.02,152.04,152.02,0.0,434.94,0.0,0.0,144.1,144.1,91.1,0.0,23.88,20.42,143.0,737.0,0.0,744.0,852.0,1307.88,1185.94,923.06,2.0,1298.0
aesni256gcm_decrypt,taint,spec,1177.02,1479.0,1737.0,1548.4,152.96,152.0,152.96,0.0,441.06,0.0,0.0,147.4,147.4,88.16,0.0,23.8,19.72,141.0,663.0,0.0,673.0,698.0,1145.44,1023.98,781.04,2.0,1165.0
aesni256gcm_decrypt,taintnop,serdit,1088.66,1479.0,1737.0,1533.8,150.9,150.96,150.9,0.0,440.8,0.0,0.02,147.76,147.76,89.32,0.0,24.96,20.36,145.6,561.96,0.0,571.96,607.42,1055.08,936.62,701.96,0.0,0.0
aesni256gcm_decrypt,taintnop,spec,1088.66,1479.0,1737.0,1533.8,150.9,150.96,150.9,0.0,440.8,0.0,0.02,147.76,147.76,89.32,0.0,24.96,20.36,145.6,561.96,0.0,571.96,607.42,1055.08,936.62,701.96,0.0,0.0
aesni256gcm_encrypt,base,serdit,1217.04,1229.0,1469.0,1484.48,143.1,143.12,143.1,0.0,347.02,0.0,0.0,109.16,109.16,69.08,0.0,26.18,15.1,40.12,663.3,22.94,724.88,762.8,1188.8,1072.9,836.86,0.0,0.0
aesni256gcm_encrypt,base,spec,1217.04,1229.0,1469.0,1484.48,143.1,143.12,143.1,0.0,347.02,0.0,0.0,109.16,109.16,69.08,0.0,26.18,15.1,40.12,663.3,22.94,724.88,762.8,1188.8,1072.9,836.86,0.0,0.0
aesni256gcm_encrypt,notwin,serdit,1524.02,1245.0,1489.0,1273.92,131.04,131.02,131.04,0.0,338.98,0.0,0.0,77.04,77.04,48.0,0.0,0.2,0.12,0.0,471.0,0.0,474.0,1141.0,1519.94,1392.98,1196.02,12.0,1444.0
aesni256gcm_encrypt,notwin,spec,1211.0,1245.0,1489.0,1446.58,142.08,142.1,142.08,0.0,342.0,0.0,0.0,84.08,84.08,54.06,0.0,0.18,0.1,0.0,682.0,25.0,742.76,786.78,1206.78,1068.88,843.82,12.0,1191.0
aesni256gcm_encrypt,notwinnop,serdit,1212.0,1245.0,1489.0,1446.58,142.08,142.1,142.08,0.0,342.0,0.0,0.0,84.08,84.08,54.06,0.0,0.18,0.1,0.0,683.0,25.0,744.76,789.78,1207.78,1069.88,844.82,0.0,0.0
aesni256gcm_encrypt,notwinnop,spec,1212.0,1245.0,1489.0,1446.58,142.08,142.1,142.08,0.0,342.0,0.0,0.0,84.08,84.08,54.06,0.0,0.18,0.1,0.0,683.0,25.0,744.76,789.78,1207.78,1069.88,844.82,0.0,0.0
aesni256gcm_encrypt,rt,serdit,1218.28,1233.0,1477.0,1522.68,144.94,145.7,144.94,0.0,350.14,0.0,0.0,130.8,130.8,79.42,0.0,46.9,25.46,61.6,655.18,21.46,715.96,752.94,1167.86,1070.82,834.36,0.0,0.0
aesni256gcm_encrypt,rt,spec,1218.28,1233.0,1477.0,1522.68,144.94,145.7,144.94,0.0,350.14,0.0,0.0,130.8,130.8,79.42,0.0,46.9,25.46,61.6,655.18,21.46,715.96,752.94,1167.86,1070.82,834.36,0.0,0.0
aesni256gcm_encrypt,taint,serdit,1258.4,1235.0,1479.0,1332.94,133.64,133.62,133.64,0.0,342.04,0.0,0.0,104.42,104.42,64.14,0.0,27.58,16.26,57.1,645.76,0.0,649.82,852.76,1229.0,1123.7,921.92,2.0,1219.38
aesni256gcm_encrypt,taint,spec,1142.0,1235.0,1479.0,1597.66,154.08,153.08,154.08,0.0,349.0,0.0,0.0,133.08,133.08,88.06,0.0,49.18,34.1,119.0,567.0,23.98,627.78,668.76,1091.78,986.9,746.82,2.0,1124.0
aesni256gcm_encrypt,taintnop,serdit,1140.0,1235.0,1479.0,1607.66,154.08,154.08,154.08,0.0,349.0,0.0,0.0,133.08,133.08,88.06,0.0,49.18,34.1,131.0,564.0,23.98,626.78,665.76,1089.78,983.9,741.82,0.0,0.0
aesni256gcm_encrypt,taintnop,spec,1140.0,1235.0,1479.0,1607.66,154.08,154.08,154.08,0.0,349.0,0.0,0.0,133.08,133.08,88.06,0.0,49.18,34.1,131.0,564.0,23.98,626.78,665.76,1089.78,983.9,741.82,0.0,0.0
chacha20_poly1305_decrypt,base,serdit,2289.82,5057.0,5525.0,5171.9,449.28,448.66,449.28,0.0,750.16,0.0,0.0,277.72,277.72,166.74,0.0,16.16,12.52,55.88,648.34,0.0,715.68,773.56,2256.88,1839.88,1101.68,0.0,0.0
chacha20_poly1305_decrypt,base,spec,2289.82,5057.0,5525.0,5171.9,449.28,448.66,449.28,0.0,750.16,0.0,0.0,277.72,277.72,166.74,0.0,16.16,12.52,55.88,648.34,0.0,715.68,773.56,2256.88,1839.88,1101.68,0.0,0.0
chacha20_poly1305_decrypt,notwin,serdit,3827.44,5183.0,5715.0,5195.74,466.04,466.06,466.04,0.0,837.74,0.0,0.0,276.2,276.2,153.16,0.0,1.8,0.88,0.0,693.0,0.0,742.0,2452.4,3821.26,3361.34,2596.5,61.0,3450.98
chacha20_poly1305_decrypt,notwin,spec,2405.82,5183.0,5715.0,5305.5,490.2,492.46,490.2,0.0,769.44,0.0,0.0,327.6,327.6,171.22,0.0,51.62,23.44,94.68,694.84,0.0,738.72,818.7,2346.04,1910.86,1167.44,61.0,2353.58
chacha20_poly1305_decrypt,notwinnop,serdit,2387.38,5183.0,5715.0,5360.74,486.42,486.8,486.42,0.0,805.12,0.0,0.0,375.14,375.14,203.92,0.0,96.32,52.4,88.62,661.54,0.0,706.98,776.72,2274.8,1896.98,1120.94,0.0,0.0
chacha20_poly1305_decrypt,notwinnop,spec,2387.38,5183.0,5715.0,5360.74,486.42,486.8,486.42,0.0,805.12,0.0,0.0,375.14,375.14,203.92,0.0,96.32,52.4,88.62,661.54,0.0,706.98,776.72,2274.8,1896.98,1120.94,0.0,0.0
chacha20_poly1305_decrypt,rt,serdit,2369.58,5122.0,5654.0,5312.4,483.08,483.4,483.08,0.0,816.32,0.0,0.0,324.26,324.26,178.96,0.0,44.58,26.82,112.42,686.64,0.0,732.1,803.44,2314.24,1884.04,1130.52,0.0,0.0
chacha20_poly1305_decrypt,rt,spec,2369.58,5122.0,5654.0,5312.4,483.08,483.4,483.08,0.0,816.32,0.0,0.0,324.26,324.26,178.96,0.0,44.58,26.82,112.42,686.64,0.0,732.1,803.44,2314.24,1884.04,1130.52,0.0,0.0
chacha20_poly1305_decrypt,taint,serdit,3160.72,5154.0,5686.0,5172.9,518.0,519.02,518.0,0.0,835.22,0.0,0.0,277.12,277.12,154.04,0.0,0.88,0.42,0.0,639.0,0.0,700.0,1706.72,3157.58,2641.68,1958.72,32.0,2947.72
chacha20_poly1305_decrypt,taint,spec,2442.62,5154.0,5686.0,5283.62,531.86,532.46,531.86,0.0,839.58,0.0,0.0,291.68,291.68,162.26,0.0,8.5,7.04,43.0,683.12,0.0,735.18,804.3,2423.66,1909.1,1214.64,32.0,2423.7
chacha20_poly1305_decrypt,taintnop,serdit,2429.5,5154.0,5686.0,5315.34,542.78,543.3,542.78,0.0,839.76,0.0,0.0,325.24,325.24,181.86,0.0,41.56,26.48,79.98,655.86,0.0,705.84,778.66,2375.22,1884.02,1195.98,0.0,0.0
chacha20_poly1305_decrypt,taintnop,spec,2429.5,5154.0,5686.0,5315.34,542.78,543.3,542.78,0.0,839.76,0.0,0.0,325.24,325.24,181.86,0.0,41.56,26.48,79.98,655.86,0.0,705.84,778.66,2375.22,1884.02,1195.98,0.0,0.0
chacha20_poly1305_encrypt,base,serdit,2185.86,4810.0,5276.0,4938.48,449.2,450.1,449.2,0.0,661.34,0.0,0.0,252.08,252.08,151.52,0.0,46.54,28.98,100.5,599.52,0.0,653.86,713.48,2130.62,1734.04,1040.26,0.0,0.0
chacha20_poly1305_encrypt,base,spec,2185.86,4810.0,5276.0,4938.48,449.2,450.1,449.2,0.0,661.34,0.0,0.0,252.08,252.08,151.52,0.0,46.54,28.98,100.5,599.52,0.0,653.86,713.48,2130.62,1734.04,1040.26,0.0,0.0
chacha20_poly1305_encrypt,notwin,serdit,3607.34,4928.0,5454.0,4932.72,430.02,430.14,430.02,0.0,739.98,0.0,0.0,226.12,226.12,127.0,0.0,0.3,0.14,0.0,701.0,0.0,748.0,2336.24,3602.2,3177.18,2441.14,57.0,3243.04
chacha20_poly1305_encrypt,notwin,spec,2216.34,4928.0,5454.0,4982.22,436.02,436.14,436.02,0.0,701.74,0.0,0.0,227.26,227.26,128.1,0.0,0.3,0.14,0.0,628.0,0.0,675.0,742.0,2211.02,1780.18,1050.16,57.0,2176.36
chacha20_poly1305_encrypt,notwinnop,serdit,2229.88,4928.0,5454.0,4992.32,437.84,438.6,437.84,0.0,699.38,0.0,0.0,251.74,251.74,136.26,0.0,26.54,10.06,29.7,647.48,0.0,688.06,755.78,2197.72,1790.46,1065.92,0.0,0.0
chacha20_poly1305_encrypt,notwinnop,spec,2229.88,4928.0,5454.0,4992.32,437.84,438.6,437.84,0.0,699.38,0.0,0.0,251.74,251.74,136.26,0.0,26.54,10.06,29.7,647.48,0.0,688.06,755.78,2197.72,1790.46,1065.92,0.0,0.0
chacha20_poly1305_encrypt,rt,serdit,2243.76,4871.0,5397.0,4931.06,461.32,461.56,461.32,0.0,710.36,0.0,0.0,270.82,270.82,144.9,0.0,46.5,19.58,49.1,654.48,0.0,697.82,767.72,2191.46,1780.78,1086.56,0.0,0.0
chacha20_poly1305_encrypt,rt,spec,2243.76,4871.0,5397.0,4931.06,461.32,461.56,461.32,0.0,710.36,0.0,0.0,270.82,270.82,144.9,0.0,46.5,19.58,49.1,654.48,0.0,697.82,767.72,2191.46,1780.78,1086.56,0.0,0.0
chacha20_poly1305_encrypt,taint,serdit,3045.06,4903.0,5429.0,4913.48,482.12,481.82,482.12,0.0,741.98,0.0,0.0,226.06,226.06,127.0,0.0,0.3,0.14,0.0,685.0,0.0,743.0,1716.0,3042.98,2563.22,1899.98,32.0,2830.04
chacha20_poly1305_encrypt,taint,spec,2269.92,4903.0,5429.0,4916.86,482.64,482.58,482.64,0.0,721.34,0.0,0.0,227.88,227.88,128.08,0.0,2.18,1.38,3.26,662.32,0.0,711.98,778.38,2266.1,1787.26,1139.44,32.0,2248.96
chacha20_poly1305_encrypt,taintnop,serdit,2288.98,4903.0,5429.0,4975.74,494.62,495.86,494.62,0.0,724.06,0.0,0.0,281.64,281.64,149.92,0.0,56.46,23.74,39.9,652.3,0.0,695.38,762.58,2226.92,1791.28,1140.02,0.0,0.0
chacha20_poly1305_encrypt,taintnop,spec,2288.98,4903.0,5429.0,4975.74,494.62,495.86,494.62,0.0,724.06,0.0,0.0,281.64,281.64,149.92,0.0,56.46,23.74,39.9,652.3,0.0,695.38,762.58,2226.92,1791.28,1140.02,0.0,0.0
ed25519,base,serdit,78789.95,171769.0,203767.0,196546.15,15792.15,15819.65,15792.15,0.0,54013.8,0.15,0.0,5957.65,5957.65,869.45,0.5,2964.1,277.85,20950.7,19188.6,20.0,20528.35,23105.3,74784.8,62669.2,31616.6,0.0,0.0
ed25519,base,spec,78789.95,171769.0,203767.0,196546.15,15792.15,15819.65,15792.15,0.0,54013.8,0.15,0.0,5957.65,5957.65,869.45,0.5,2964.1,277.85,20950.7,19188.6,20.0,20528.35,23105.3,74784.8,62669.2,31616.6,0.0,0.0
ed25519,notwin,serdit,153374.45,175272.0,207318.0,175765.6,14172.2,14184.05,14172.2,0.0,53022.95,0.0,0.0,3134.1,3134.1,636.8,0.0,95.2,11.9,88.55,5850.3,0.0,6492.35,106406.4,153195.45,139177.3,111283.2,3463.0,135912.5
ed25519,notwin,spec,78169.0,175272.0,207318.0,181016.25,14613.6,14614.5,14613.6,0.0,52187.8,0.0,0.0,3674.5,3674.5,802.8,0.0,684.5,226.8,3892.5,24537.6,12.0,25978.05,28957.9,77194.85,63470.05,34889.1,3463.0,77668.85
ed25519,notwinnop,serdit,78137.7,175272.0,207318.0,179054.9,14478.85,14503.95,14478.85,0.0,52368.4,0.0,0.0,3618.5,3618.5,808.9,0.0,620.8,224.75,2665.2,25387.5,12.0,26748.95,29917.2,77376.65,63580.05,35397.95,0.0,0.0
ed25519,notwinnop,spec,78137.7,175272.0,207318.0,179054.9,14478.85,14503.95,14478.85,0.0,52368.4,0.0,0.0,3618.5,3618.5,808.9,0.0,620.8,224.75,2665.2,25387.5,12.0,26748.95,29917.2,77376.65,63580.05,35397.95,0.0,0.0
ed25519,rt,serdit,78072.45,171797.0,203839.0,184125.85,14177.75,14212.15,14177.75,0.0,52591.15,0.0,0.0,5235.1,5235.1,836.15,0.0,2225.75,241.4,8389.05,21945.15,14.7,23370.2,26666.25,75345.5,63678.2,33771.65,0.0,0.0
ed25519,rt,spec,78072.45,171797.0,203839.0,184125.85,14177.75,14212.15,14177.75,0.0,52591.15,0.0,0.0,5235.1,5235.1,836.15,0.0,2225.75,241.4,8389.05,21945.15,14.7,23370.2,26666.25,75345.5,63678.2,33771.65,0.0,0.0
ed25519,taint,serdit,77611.9,171813.0,203859.0,174756.9,13673.9,13706.5,13673.9,1.0,52087.85,0.0,0.0,3411.5,3411.5,802.05,0.4,387.9,194.8,1956.6,25839.45,2.5,27539.25,31716.65,77153.45,63877.35,36630.75,2.0,77575.85
ed25519,taint,spec,77193.45,171813.0,203859.0,174859.6,13693.0,13723.9,13693.0,1.0,52109.95,0.0,0.0,3448.75,3448.75,822.95,0.65,430.1,221.55,2071.65,25328.1,14.35,27063.45,31011.55,76682.95,63436.85,36148.15,2.0,77180.45
ed25519,taintnop,serdit,76946.0,171813.0,203859.0,176242.6,13831.25,13875.1,13831.25,1.0,52283.2,0.0,0.0,3634.0,3634.0,840.15,0.45,614.1,237.7,3014.1,24656.65,13.75,26302.25,30271.35,76180.8,63018.8,35636.8,0.0,0.0
ed25519,taintnop,spec,76946.0,171813.0,203859.0,176242.6,13831.25,13875.1,13831.25,1.0,52283.2,0.0,0.0,3634.0,3634.0,840.15,0.45,614.1,237.7,3014.1,24656.65,13.75,26302.25,30271.35,76180.8,63018.8,35636.8,0.0,0.0
