rep,arm,total_s,raw_sign_s,secret_frac,checksum,probe_const_off,probe_const_on
0,oracle,3.103755,0.301379,9.7101,10527241102943389473,0.2189,0.8693
0,pass_region,3.462687,0.410356,11.8508,10527241102943389473,0.2189,0.8693
0,pass_hoist,3.427492,0.400282,11.6786,10527241102943389473,0.2189,0.8693
0,baseline2,3.098410,0.283723,9.1571,10527241102943389473,0.2189,0.8693
0,baseline,3.095732,0.283571,9.1601,10527241102943389473,0.2189,0.8693
0,null,3.133764,0.283856,9.0580,10527241102943389473,0.2189,0.8693
0,always,3.195692,0.301441,9.4327,10527241102943389473,0.2189,0.8693
1,pass_region,3.512585,0.411771,11.7227,10527241102943389473,0.2173,0.8684
1,pass_hoist,3.457399,0.400484,11.5834,10527241102943389473,0.2173,0.8684
1,baseline2,3.101007,0.284812,9.1845,10527241102943389473,0.2173,0.8684
1,baseline,3.111493,0.285250,9.1676,10527241102943389473,0.2173,0.8684
1,null,3.108492,0.285416,9.1818,10527241102943389473,0.2173,0.8684
1,always,3.201062,0.302364,9.4457,10527241102943389473,0.2173,0.8684
1,oracle,3.122612,0.303899,9.7322,10527241102943389473,0.2173,0.8684
2,pass_hoist,3.455270,0.401630,11.6237,10527241102943389473,0.2177,0.8695
2,baseline2,3.114543,0.284816,9.1447,10527241102943389473,0.2177,0.8695
2,baseline,3.136454,0.284813,9.0807,10527241102943389473,0.2177,0.8695
2,null,3.114682,0.285193,9.1564,10527241102943389473,0.2177,0.8695
2,always,3.210226,0.303809,9.4638,10527241102943389473,0.2177,0.8695
2,oracle,3.113672,0.303813,9.7574,10527241102943389473,0.2177,0.8695
2,pass_region,3.505211,0.413891,11.8079,10527241102943389473,0.2177,0.8695
3,baseline2,3.106700,0.286058,9.2078,10527241102943389473,0.2181,0.8699
3,baseline,3.150744,0.285507,9.0616,10527241102943389473,0.2181,0.8699
3,null,3.135860,0.285476,9.1036,10527241102943389473,0.2181,0.8699
3,always,3.214774,0.304026,9.4572,10527241102943389473,0.2181,0.8699
3,oracle,3.105407,0.305453,9.8362,10527241102943389473,0.2181,0.8699
3,pass_region,3.507854,0.414335,11.8116,10527241102943389473,0.2181,0.8699
3,pass_hoist,3.572688,0.409807,11.4706,10527241102943389473,0.2181,0.8699
4,baseline,3.129914,0.286305,9.1474,10527241102943389473,0.2182,0.8684
4,null,3.136357,0.286625,9.1388,10527241102943389473,0.2182,0.8684
4,always,3.204661,0.304309,9.4958,10527241102943389473,0.2182,0.8684
4,oracle,3.125837,0.304865,9.7531,10527241102943389473,0.2182,0.8684
4,pass_region,3.531390,0.414214,11.7295,10527241102943389473,0.2182,0.8684
4,pass_hoist,3.484982,0.404548,11.6083,10527241102943389473,0.2182,0.8684
4,baseline2,3.120278,0.285695,9.1561,10527241102943389473,0.2182,0.8684
5,null,3.122491,0.285969,9.1584,10527241102943389473,0.2184,0.8692
5,always,3.209853,0.303810,9.4649,10527241102943389473,0.2184,0.8692
5,oracle,3.153949,0.303948,9.6371,10527241102943389473,0.2184,0.8692
5,pass_region,3.532024,0.415932,11.7760,10527241102943389473,0.2184,0.8692
5,pass_hoist,3.464233,0.404480,11.6759,10527241102943389473,0.2184,0.8692
5,baseline2,3.135298,0.287941,9.1839,10527241102943389473,0.2184,0.8692
5,baseline,3.133050,0.285642,9.1171,10527241102943389473,0.2184,0.8692
6,always,3.221338,0.304621,9.4564,10527241102943389473,0.2186,0.8689
6,oracle,3.136487,0.304568,9.7105,10527241102943389473,0.2186,0.8689
6,pass_region,3.523556,0.415712,11.7981,10527241102943389473,0.2186,0.8689
6,pass_hoist,3.474742,0.404227,11.6333,10527241102943389473,0.2186,0.8689
6,baseline2,3.149370,0.285742,9.0730,10527241102943389473,0.2186,0.8689
6,baseline,3.135271,0.286320,9.1322,10527241102943389473,0.2186,0.8689
6,null,3.123488,0.285721,9.1475,10527241102943389473,0.2186,0.8689
7,oracle,3.150883,0.305656,9.7006,10527241102943389473,0.2171,0.8689
7,pass_region,3.525679,0.416814,11.8222,10527241102943389473,0.2171,0.8689
7,pass_hoist,3.453211,0.406000,11.7572,10527241102943389473,0.2171,0.8689
7,baseline2,3.133659,0.285645,9.1154,10527241102943389473,0.2171,0.8689
7,baseline,3.121546,0.285858,9.1576,10527241102943389473,0.2171,0.8689
7,null,3.126193,0.285608,9.1360,10527241102943389473,0.2171,0.8689
7,always,3.238936,0.304542,9.4025,10527241102943389473,0.2171,0.8689
8,pass_region,3.525435,0.416895,11.8253,10527241102943389473,0.2179,0.8693
8,pass_hoist,3.488164,0.405818,11.6341,10527241102943389473,0.2179,0.8693
8,baseline2,3.121124,0.286242,9.1711,10527241102943389473,0.2179,0.8693
8,baseline,3.127210,0.286240,9.1532,10527241102943389473,0.2179,0.8693
8,null,3.140658,0.285899,9.1032,10527241102943389473,0.2179,0.8693
8,always,3.218699,0.304116,9.4484,10527241102943389473,0.2179,0.8693
8,oracle,3.115312,0.305464,9.8053,10527241102943389473,0.2179,0.8693
9,pass_hoist,3.468152,0.406738,11.7278,10527241102943389473,0.2175,0.8687
9,baseline2,3.135051,0.286350,9.1338,10527241102943389473,0.2175,0.8687
9,baseline,3.136604,0.288362,9.1935,10527241102943389473,0.2175,0.8687
9,null,3.143919,0.286954,9.1273,10527241102943389473,0.2175,0.8687
9,always,3.229414,0.304717,9.4357,10527241102943389473,0.2175,0.8687
9,oracle,3.146043,0.305435,9.7085,10527241102943389473,0.2175,0.8687
9,pass_region,3.537685,0.417071,11.7894,10527241102943389473,0.2175,0.8687
10,baseline2,3.150425,0.286901,9.1068,10527241102943389473,0.2208,0.8688
10,baseline,3.156545,0.286547,9.0779,10527241102943389473,0.2208,0.8688
10,null,3.164417,0.287378,9.0815,10527241102943389473,0.2208,0.8688
10,always,3.243934,0.305181,9.4077,10527241102943389473,0.2208,0.8688
10,oracle,3.133588,0.306025,9.7660,10527241102943389473,0.2208,0.8688
10,pass_region,3.535818,0.418026,11.8226,10527241102943389473,0.2208,0.8688
10,pass_hoist,3.481460,0.407791,11.7132,10527241102943389473,0.2208,0.8688
11,baseline,3.164419,0.287042,9.0709,10527241102943389473,0.2190,0.8683
11,null,3.162567,0.286645,9.0637,10527241102943389473,0.2190,0.8683
11,always,3.227350,0.305151,9.4552,10527241102943389473,0.2190,0.8683
11,oracle,3.149620,0.306390,9.7278,10527241102943389473,0.2190,0.8683
11,pass_region,3.533879,0.417483,11.8137,10527241102943389473,0.2190,0.8683
11,pass_hoist,3.502767,0.408731,11.6688,10527241102943389473,0.2190,0.8683
11,baseline2,3.152482,0.286626,9.0921,10527241102943389473,0.2190,0.8683
12,null,3.158771,0.286114,9.0578,10527241102943389473,0.2198,0.8687
12,always,3.212028,0.305774,9.5196,10527241102943389473,0.2198,0.8687
12,oracle,3.143941,0.306436,9.7469,10527241102943389473,0.2198,0.8687
12,pass_region,3.543723,0.419392,11.8348,10527241102943389473,0.2198,0.8687
12,pass_hoist,3.481215,0.408162,11.7247,10527241102943389473,0.2198,0.8687
12,baseline2,3.125311,0.286176,9.1567,10527241102943389473,0.2198,0.8687
12,baseline,3.148126,0.288338,9.1590,10527241102943389473,0.2198,0.8687
13,always,3.224587,0.304436,9.4411,10527241102943389473,0.2173,0.8690
13,oracle,3.132102,0.305181,9.7436,10527241102943389473,0.2173,0.8690
13,pass_region,3.525078,0.419071,11.8883,10527241102943389473,0.2173,0.8690
13,pass_hoist,3.456879,0.408166,11.8074,10527241102943389473,0.2173,0.8690
13,baseline2,3.147654,0.286929,9.1156,10527241102943389473,0.2173,0.8690
13,baseline,3.146889,0.286947,9.1184,10527241102943389473,0.2173,0.8690
13,null,3.144175,0.287268,9.1365,10527241102943389473,0.2173,0.8690
14,oracle,3.143612,0.306115,9.7377,10527241102943389473,0.2173,0.8681
14,pass_region,3.544739,0.418582,11.8085,10527241102943389473,0.2173,0.8681
14,pass_hoist,3.467784,0.408260,11.7729,10527241102943389473,0.2173,0.8681
14,baseline2,3.134424,0.287053,9.1581,10527241102943389473,0.2173,0.8681
14,baseline,3.150438,0.287289,9.1190,10527241102943389473,0.2173,0.8681
14,null,3.162866,0.286671,9.0637,10527241102943389473,0.2173,0.8681
14,always,3.232919,0.305548,9.4512,10527241102943389473,0.2173,0.8681
15,pass_region,3.534547,0.419906,11.8801,10527241102943389473,0.2189,0.8705
15,pass_hoist,3.479875,0.408459,11.7377,10527241102943389473,0.2189,0.8705
15,baseline2,3.144846,0.286774,9.1189,10527241102943389473,0.2189,0.8705
15,baseline,3.286695,0.291599,8.8721,10527241102943389473,0.2189,0.8705
15,null,3.131579,0.287327,9.1751,10527241102943389473,0.2189,0.8705
15,always,3.223931,0.305724,9.4830,10527241102943389473,0.2189,0.8705
15,oracle,3.125031,0.306098,9.7950,10527241102943389473,0.2189,0.8705
16,pass_hoist,3.484549,0.408760,11.7306,10527241102943389473,0.2196,0.8695
16,baseline2,3.143373,0.286841,9.1252,10527241102943389473,0.2196,0.8695
16,baseline,3.150381,0.287461,9.1247,10527241102943389473,0.2196,0.8695
16,null,3.158604,0.287974,9.1171,10527241102943389473,0.2196,0.8695
16,always,3.220117,0.306130,9.5068,10527241102943389473,0.2196,0.8695
16,oracle,3.172721,0.305638,9.6333,10527241102943389473,0.2196,0.8695
16,pass_region,3.552396,0.419948,11.8215,10527241102943389473,0.2196,0.8695
17,baseline2,3.139846,0.287375,9.1525,10527241102943389473,0.2176,0.8690
17,baseline,3.162756,0.286572,9.0608,10527241102943389473,0.2176,0.8690
17,null,3.166417,0.287136,9.0682,10527241102943389473,0.2176,0.8690
17,always,3.231599,0.306099,9.4720,10527241102943389473,0.2176,0.8690
17,oracle,3.147597,0.306048,9.7232,10527241102943389473,0.2176,0.8690
17,pass_region,3.534237,0.419667,11.8743,10527241102943389473,0.2176,0.8690
17,pass_hoist,3.501007,0.412924,11.7944,10527241102943389473,0.2176,0.8690
18,baseline,3.144877,0.286957,9.1246,10527241102943389473,0.2180,0.8689
18,null,3.144616,0.287118,9.1305,10527241102943389473,0.2180,0.8689
18,always,3.239353,0.305822,9.4408,10527241102943389473,0.2180,0.8689
18,oracle,3.153334,0.306398,9.7166,10527241102943389473,0.2180,0.8689
18,pass_region,3.527265,0.420580,11.9237,10527241102943389473,0.2180,0.8689
18,pass_hoist,3.492419,0.410314,11.7487,10527241102943389473,0.2180,0.8689
18,baseline2,3.122675,0.286528,9.1757,10527241102943389473,0.2180,0.8689
19,null,3.150869,0.286761,9.1010,10527241102943389473,0.2177,0.8688
19,always,3.230809,0.305976,9.4706,10527241102943389473,0.2177,0.8688
19,oracle,3.162122,0.306781,9.7017,10527241102943389473,0.2177,0.8688
19,pass_region,3.561776,0.420928,11.8179,10527241102943389473,0.2177,0.8688
19,pass_hoist,3.479123,0.409555,11.7718,10527241102943389473,0.2177,0.8688
19,baseline2,3.151213,0.287111,9.1111,10527241102943389473,0.2177,0.8688
19,baseline,3.129706,0.286012,9.1386,10527241102943389473,0.2177,0.8688
20,always,3.244572,0.306337,9.4415,10527241102943389473,0.2205,0.8689
20,oracle,3.142704,0.306535,9.7539,10527241102943389473,0.2205,0.8689
20,pass_region,3.536064,0.421349,11.9158,10527241102943389473,0.2205,0.8689
20,pass_hoist,3.483224,0.411509,11.8140,10527241102943389473,0.2205,0.8689
20,baseline2,3.138674,0.287686,9.1658,10527241102943389473,0.2205,0.8689
20,baseline,3.155556,0.287256,9.1032,10527241102943389473,0.2205,0.8689
20,null,3.142735,0.288252,9.1720,10527241102943389473,0.2205,0.8689
21,oracle,3.138385,0.307273,9.7908,10527241102943389473,0.2176,0.8693
21,pass_region,3.552605,0.421308,11.8591,10527241102943389473,0.2176,0.8693
21,pass_hoist,3.488845,0.410456,11.7648,10527241102943389473,0.2176,0.8693
21,baseline2,3.149201,0.287238,9.1210,10527241102943389473,0.2176,0.8693
21,baseline,3.153679,0.287157,9.1055,10527241102943389473,0.2176,0.8693
21,null,3.126879,0.287577,9.1969,10527241102943389473,0.2176,0.8693
21,always,3.255221,0.305415,9.3823,10527241102943389473,0.2176,0.8693
22,pass_region,3.548500,0.422044,11.8936,10527241102943389473,0.2175,0.8693
22,pass_hoist,3.509206,0.410371,11.6941,10527241102943389473,0.2175,0.8693
22,baseline2,3.144287,0.287224,9.1348,10527241102943389473,0.2175,0.8693
22,baseline,3.156154,0.288014,9.1255,10527241102943389473,0.2175,0.8693
22,null,3.138077,0.287560,9.1636,10527241102943389473,0.2175,0.8693
22,always,3.248839,0.306368,9.4301,10527241102943389473,0.2175,0.8693
22,oracle,3.149611,0.306265,9.7239,10527241102943389473,0.2175,0.8693
23,pass_hoist,3.496964,0.411130,11.7568,10527241102943389473,0.2184,0.8683
23,baseline2,3.153220,0.286650,9.0907,10527241102943389473,0.2184,0.8683
23,baseline,3.160212,0.287047,9.0831,10527241102943389473,0.2184,0.8683
23,null,3.143557,0.287349,9.1409,10527241102943389473,0.2184,0.8683
23,always,3.244197,0.305791,9.4258,10527241102943389473,0.2184,0.8683
23,oracle,3.153531,0.306129,9.7075,10527241102943389473,0.2184,0.8683
23,pass_region,3.550036,0.421729,11.8796,10527241102943389473,0.2184,0.8683
24,baseline2,3.157712,0.286727,9.0802,10527241102943389473,0.2189,0.8688
24,baseline,3.160651,0.287673,9.1017,10527241102943389473,0.2189,0.8688
24,null,3.159405,0.288871,9.1432,10527241102943389473,0.2189,0.8688
24,always,3.245017,0.306561,9.4471,10527241102943389473,0.2189,0.8688
24,oracle,3.153178,0.307529,9.7530,10527241102943389473,0.2189,0.8688
24,pass_region,3.537966,0.421424,11.9115,10527241102943389473,0.2189,0.8688
24,pass_hoist,3.491976,0.412293,11.8069,10527241102943389473,0.2189,0.8688
25,baseline,3.155751,0.286992,9.0943,10527241102943389473,0.2223,0.8692
25,null,3.145324,0.288382,9.1686,10527241102943389473,0.2223,0.8692
25,always,3.241469,0.306583,9.4582,10527241102943389473,0.2223,0.8692
25,oracle,3.151859,0.307110,9.7438,10527241102943389473,0.2223,0.8692
25,pass_region,3.551872,0.422356,11.8911,10527241102943389473,0.2223,0.8692
25,pass_hoist,3.480550,0.411586,11.8253,10527241102943389473,0.2223,0.8692
25,baseline2,3.151287,0.287100,9.1106,10527241102943389473,0.2223,0.8692
26,null,3.160117,0.288045,9.1150,10527241102943389473,0.2176,0.8687
26,always,3.231145,0.305924,9.4680,10527241102943389473,0.2176,0.8687
26,oracle,3.172928,0.307131,9.6797,10527241102943389473,0.2176,0.8687
26,pass_region,3.572761,0.431901,12.0887,10527241102943389473,0.2176,0.8687
26,pass_hoist,3.545810,0.418965,11.8158,10527241102943389473,0.2176,0.8687
26,baseline2,3.180816,0.287101,9.0260,10527241102943389473,0.2176,0.8687
26,baseline,3.137632,0.287471,9.1620,10527241102943389473,0.2176,0.8687
27,always,3.261301,0.309247,9.4823,10527241102943389473,0.2173,0.8691
27,oracle,3.152650,0.307386,9.7501,10527241102943389473,0.2173,0.8691
27,pass_region,3.551169,0.422008,11.8837,10527241102943389473,0.2173,0.8691
27,pass_hoist,3.499964,0.413409,11.8118,10527241102943389473,0.2173,0.8691
27,baseline2,3.145398,0.287010,9.1248,10527241102943389473,0.2173,0.8691
27,baseline,3.147968,0.287914,9.1460,10527241102943389473,0.2173,0.8691
27,null,3.139733,0.288047,9.1743,10527241102943389473,0.2173,0.8691
28,oracle,3.167840,0.307341,9.7019,10527241102943389473,0.2178,0.8689
28,pass_region,3.540265,0.424911,12.0022,10527241102943389473,0.2178,0.8689
28,pass_hoist,3.485277,0.412096,11.8239,10527241102943389473,0.2178,0.8689
28,baseline2,3.162894,0.286846,9.0691,10527241102943389473,0.2178,0.8689
28,baseline,3.181782,0.287296,9.0294,10527241102943389473,0.2178,0.8689
28,null,3.137622,0.287239,9.1547,10527241102943389473,0.2178,0.8689
28,always,3.231724,0.306224,9.4756,10527241102943389473,0.2178,0.8689
29,pass_region,3.557318,0.423230,11.8974,10527241102943389473,0.2177,0.8693
29,pass_hoist,3.515277,0.412388,11.7313,10527241102943389473,0.2177,0.8693
29,baseline2,3.150257,0.287662,9.1314,10527241102943389473,0.2177,0.8693
29,baseline,3.142669,0.287046,9.1338,10527241102943389473,0.2177,0.8693
29,null,3.153150,0.288008,9.1340,10527241102943389473,0.2177,0.8693
29,always,3.240655,0.306229,9.4496,10527241102943389473,0.2177,0.8693
29,oracle,3.125369,0.308202,9.8613,10527241102943389473,0.2177,0.8693
30,pass_hoist,3.505976,0.412869,11.7762,10527241102943389473,0.2181,0.8695
30,baseline2,3.155170,0.288119,9.1317,10527241102943389473,0.2181,0.8695
30,baseline,3.132728,0.288397,9.2059,10527241102943389473,0.2181,0.8695
30,null,3.161133,0.287274,9.0877,10527241102943389473,0.2181,0.8695
30,always,3.219068,0.306647,9.5260,10527241102943389473,0.2181,0.8695
30,oracle,3.169202,0.307027,9.6878,10527241102943389473,0.2181,0.8695
30,pass_region,3.566865,0.430423,12.0673,10527241102943389473,0.2181,0.8695
31,baseline2,3.152315,0.287179,9.1101,10527241102943389473,0.2182,0.8690
31,baseline,3.153992,0.288166,9.1365,10527241102943389473,0.2182,0.8690
31,null,3.165281,0.287898,9.0955,10527241102943389473,0.2182,0.8690
31,always,3.254230,0.306897,9.4307,10527241102943389473,0.2182,0.8690
31,oracle,3.154409,0.306818,9.7266,10527241102943389473,0.2182,0.8690
31,pass_region,3.548373,0.423136,11.9248,10527241102943389473,0.2182,0.8690
31,pass_hoist,3.503174,0.411819,11.7556,10527241102943389473,0.2182,0.8690
32,baseline,3.143415,0.287148,9.1349,10527241102943389473,0.2191,0.8696
32,null,3.150177,0.287744,9.1342,10527241102943389473,0.2191,0.8696
32,always,3.218765,0.306683,9.5280,10527241102943389473,0.2191,0.8696
32,oracle,3.145104,0.306913,9.7584,10527241102943389473,0.2191,0.8696
32,pass_region,3.534301,0.424490,12.0106,10527241102943389473,0.2191,0.8696
32,pass_hoist,3.498945,0.412825,11.7986,10527241102943389473,0.2191,0.8696
32,baseline2,3.137435,0.287488,9.1632,10527241102943389473,0.2191,0.8696
33,null,3.125541,0.288380,9.2266,10527241102943389473,0.2211,0.8690
33,always,3.220266,0.306824,9.5279,10527241102943389473,0.2211,0.8690
33,oracle,3.133956,0.307755,9.8200,10527241102943389473,0.2211,0.8690
33,pass_region,3.558879,0.424278,11.9217,10527241102943389473,0.2211,0.8690
33,pass_hoist,3.503284,0.413557,11.8048,10527241102943389473,0.2211,0.8690
33,baseline2,3.146969,0.288034,9.1527,10527241102943389473,0.2211,0.8690
33,baseline,3.137519,0.288514,9.1956,10527241102943389473,0.2211,0.8690
34,always,3.228983,0.305963,9.4755,10527241102943389473,0.2185,0.8707
34,oracle,3.149308,0.307678,9.7697,10527241102943389473,0.2185,0.8707
34,pass_region,3.556763,0.424920,11.9468,10527241102943389473,0.2185,0.8707
34,pass_hoist,3.513865,0.414217,11.7881,10527241102943389473,0.2185,0.8707
34,baseline2,3.149012,0.287169,9.1193,10527241102943389473,0.2185,0.8707
34,baseline,3.152540,0.287681,9.1254,10527241102943389473,0.2185,0.8707
34,null,3.134593,0.288182,9.1936,10527241102943389473,0.2185,0.8707
35,oracle,3.148609,0.307521,9.7669,10527241102943389473,0.2206,0.8691
35,pass_region,3.576545,0.424909,11.8804,10527241102943389473,0.2206,0.8691
35,pass_hoist,3.504403,0.414126,11.8173,10527241102943389473,0.2206,0.8691
35,baseline2,3.154280,0.287694,9.1207,10527241102943389473,0.2206,0.8691
35,baseline,3.146485,0.287323,9.1315,10527241102943389473,0.2206,0.8691
35,null,3.149875,0.288776,9.1679,10527241102943389473,0.2206,0.8691
35,always,3.243474,0.306443,9.4480,10527241102943389473,0.2206,0.8691
36,pass_region,3.553146,0.423873,11.9295,10527241102943389473,0.2192,0.8689
36,pass_hoist,3.507968,0.412625,11.7625,10527241102943389473,0.2192,0.8689
36,baseline2,3.151811,0.288063,9.1396,10527241102943389473,0.2192,0.8689
36,baseline,3.142987,0.287886,9.1596,10527241102943389473,0.2192,0.8689
36,null,3.167271,0.287951,9.0915,10527241102943389473,0.2192,0.8689
36,always,3.211246,0.306989,9.5598,10527241102943389473,0.2192,0.8689
36,oracle,3.166489,0.307542,9.7124,10527241102943389473,0.2192,0.8689
37,pass_hoist,3.496262,0.413262,11.8201,10527241102943389473,0.2178,0.8706
37,baseline2,3.162968,0.287511,9.0899,10527241102943389473,0.2178,0.8706
37,baseline,3.159062,0.288009,9.1169,10527241102943389473,0.2178,0.8706
37,null,3.152596,0.287856,9.1308,10527241102943389473,0.2178,0.8706
37,always,3.238946,0.306725,9.4699,10527241102943389473,0.2178,0.8706
37,oracle,3.169642,0.307346,9.6965,10527241102943389473,0.2178,0.8706
37,pass_region,3.551168,0.425807,11.9906,10527241102943389473,0.2178,0.8706
38,baseline2,3.145193,0.287746,9.1488,10527241102943389473,0.2190,0.8697
38,baseline,3.149614,0.287205,9.1187,10527241102943389473,0.2190,0.8697
38,null,3.183341,0.288296,9.0564,10527241102943389473,0.2190,0.8697
38,always,3.216554,0.306686,9.5346,10527241102943389473,0.2190,0.8697
38,oracle,3.146093,0.307698,9.7803,10527241102943389473,0.2190,0.8697
38,pass_region,3.554332,0.425288,11.9653,10527241102943389473,0.2190,0.8697
38,pass_hoist,3.496295,0.414805,11.8641,10527241102943389473,0.2190,0.8697
39,baseline,3.146665,0.287916,9.1499,10527241102943389473,0.2192,0.8684
39,null,3.173730,0.287258,9.0511,10527241102943389473,0.2192,0.8684
39,always,3.242854,0.306474,9.4508,10527241102943389473,0.2192,0.8684
39,oracle,3.145453,0.307675,9.7816,10527241102943389473,0.2192,0.8684
39,pass_region,3.548440,0.424693,11.9685,10527241102943389473,0.2192,0.8684
39,pass_hoist,3.488299,0.413843,11.8638,10527241102943389473,0.2192,0.8684
39,baseline2,3.165677,0.287409,9.0789,10527241102943389473,0.2192,0.8684
40,null,3.154778,0.288047,9.1305,10527241102943389473,0.2240,0.8689
40,always,3.240326,0.306877,9.4705,10527241102943389473,0.2240,0.8689
40,oracle,3.139653,0.307488,9.7937,10527241102943389473,0.2240,0.8689
40,pass_region,3.533064,0.425310,12.0380,10527241102943389473,0.2240,0.8689
40,pass_hoist,3.496652,0.414345,11.8498,10527241102943389473,0.2240,0.8689
40,baseline2,3.136015,0.287314,9.1617,10527241102943389473,0.2240,0.8689
40,baseline,3.142752,0.287611,9.1516,10527241102943389473,0.2240,0.8689
41,always,3.233572,0.306383,9.4751,10527241102943389473,0.2205,0.8699
41,oracle,3.150960,0.308090,9.7776,10527241102943389473,0.2205,0.8699
41,pass_region,3.558130,0.425538,11.9596,10527241102943389473,0.2205,0.8699
41,pass_hoist,3.494322,0.415031,11.8773,10527241102943389473,0.2205,0.8699
41,baseline2,3.162960,0.287646,9.0942,10527241102943389473,0.2205,0.8699
41,baseline,3.143396,0.287598,9.1493,10527241102943389473,0.2205,0.8699
41,null,3.180906,0.287988,9.0536,10527241102943389473,0.2205,0.8699
42,oracle,3.166313,0.307645,9.7162,10527241102943389473,0.2178,0.8694
42,pass_region,3.563384,0.425978,11.9543,10527241102943389473,0.2178,0.8694
42,pass_hoist,3.499583,0.415413,11.8704,10527241102943389473,0.2178,0.8694
42,baseline2,3.183730,0.288986,9.0769,10527241102943389473,0.2178,0.8694
42,baseline,3.156416,0.287755,9.1165,10527241102943389473,0.2178,0.8694
42,null,3.172503,0.287472,9.0614,10527241102943389473,0.2178,0.8694
42,always,3.248712,0.306825,9.4445,10527241102943389473,0.2178,0.8694
43,pass_region,3.574862,0.425407,11.9000,10527241102943389473,0.2194,0.8689
43,pass_hoist,3.512250,0.415921,11.8420,10527241102943389473,0.2194,0.8689
43,baseline2,3.155037,0.288310,9.1381,10527241102943389473,0.2194,0.8689
43,baseline,3.148172,0.287660,9.1374,10527241102943389473,0.2194,0.8689
43,null,3.165269,0.288075,9.1011,10527241102943389473,0.2194,0.8689
43,always,3.235042,0.306884,9.4863,10527241102943389473,0.2194,0.8689
43,oracle,3.138200,0.307655,9.8035,10527241102943389473,0.2194,0.8689
44,pass_hoist,3.499366,0.414336,11.8403,10527241102943389473,0.2192,0.8692
44,baseline2,3.145705,0.287626,9.1435,10527241102943389473,0.2192,0.8692
44,baseline,3.152913,0.287302,9.1123,10527241102943389473,0.2192,0.8692
44,null,3.157055,0.288043,9.1238,10527241102943389473,0.2192,0.8692
44,always,3.232428,0.307266,9.5057,10527241102943389473,0.2192,0.8692
44,oracle,3.147574,0.306960,9.7523,10527241102943389473,0.2192,0.8692
44,pass_region,3.544772,0.426452,12.0304,10527241102943389473,0.2192,0.8692
45,baseline2,3.161061,0.288140,9.1153,10527241102943389473,0.2184,0.8743
45,baseline,3.173252,0.287784,9.0691,10527241102943389473,0.2184,0.8743
45,null,3.171923,0.287825,9.0742,10527241102943389473,0.2184,0.8743
45,always,3.231384,0.306747,9.4928,10527241102943389473,0.2184,0.8743
45,oracle,3.150860,0.307761,9.7675,10527241102943389473,0.2184,0.8743
45,pass_region,3.556132,0.425958,11.9781,10527241102943389473,0.2184,0.8743
45,pass_hoist,3.500413,0.415018,11.8563,10527241102943389473,0.2184,0.8743
46,baseline,3.147250,0.287700,9.1413,10527241102943389473,0.2180,0.8689
46,null,3.149194,0.288259,9.1534,10527241102943389473,0.2180,0.8689
46,always,3.238229,0.307005,9.4807,10527241102943389473,0.2180,0.8689
46,oracle,3.148506,0.307882,9.7787,10527241102943389473,0.2180,0.8689
46,pass_region,3.560641,0.426726,11.9845,10527241102943389473,0.2180,0.8689
46,pass_hoist,3.500792,0.414240,11.8328,10527241102943389473,0.2180,0.8689
46,baseline2,3.185959,0.288233,9.0470,10527241102943389473,0.2180,0.8689
47,null,3.174271,0.288592,9.0916,10527241102943389473,0.2175,0.8693
47,always,3.232149,0.307503,9.5139,10527241102943389473,0.2175,0.8693
47,oracle,3.168003,0.307442,9.7046,10527241102943389473,0.2175,0.8693
47,pass_region,3.550265,0.426528,12.0140,10527241102943389473,0.2175,0.8693
47,pass_hoist,3.507589,0.414657,11.8217,10527241102943389473,0.2175,0.8693
47,baseline2,3.160829,0.288477,9.1266,10527241102943389473,0.2175,0.8693
47,baseline,3.144949,0.287933,9.1554,10527241102943389473,0.2175,0.8693
48,always,3.216881,0.307101,9.5465,10527241102943389473,0.2193,0.8687
48,oracle,3.159711,0.308478,9.7628,10527241102943389473,0.2193,0.8687
48,pass_region,3.535274,0.426507,12.0643,10527241102943389473,0.2193,0.8687
48,pass_hoist,3.503679,0.416320,11.8824,10527241102943389473,0.2193,0.8687
48,baseline2,3.167775,0.288058,9.0934,10527241102943389473,0.2193,0.8687
48,baseline,3.172429,0.287898,9.0750,10527241102943389473,0.2193,0.8687
48,null,3.170793,0.287951,9.0814,10527241102943389473,0.2193,0.8687
49,oracle,3.154444,0.307805,9.7578,10527241102943389473,0.2178,0.8689
49,pass_region,3.567149,0.427427,11.9823,10527241102943389473,0.2178,0.8689
49,pass_hoist,3.482576,0.416460,11.9584,10527241102943389473,0.2178,0.8689
49,baseline2,3.141960,0.288497,9.1821,10527241102943389473,0.2178,0.8689
49,baseline,3.164494,0.287708,9.0918,10527241102943389473,0.2178,0.8689
49,null,3.143106,0.288113,9.1665,10527241102943389473,0.2178,0.8689
49,always,3.233440,0.307166,9.4997,10527241102943389473,0.2178,0.8689
