rep,host,arm,seconds,rc,stdout_tail,probe_const,probe_perm,probe_dit
0,probe,base,0.030898,0,PROBE dit=0 const_ns_per_hop=0.2350 perm_ns_per_hop=0.9384 const_over_perm=0.2505 ck=665,0.2350,0.9384,0
0,probe,null,0.027275,0,PROBE dit=0 const_ns_per_hop=0.2359 perm_ns_per_hop=0.9383 const_over_perm=0.2514 ck=665,0.2359,0.9383,0
0,probe,dit,0.040678,0,PROBE dit=1 const_ns_per_hop=0.9376 perm_ns_per_hop=0.9375 const_over_perm=1.0002 ck=665,0.9376,0.9375,1
0,sqlite,base,4.136237,0,       TOTAL.......................................................    4.117s,,,
0,sqlite,null,4.110895,0,       TOTAL.......................................................    4.095s,,,
0,sqlite,dit,4.340986,0,       TOTAL.......................................................    4.331s,,,
0,lua,base,1.832686,0,LUABENCH binary_trees checksum 29447519,,,
0,lua,null,1.879054,0,LUABENCH binary_trees checksum 29447519,,,
0,lua,dit,2.003508,0,LUABENCH binary_trees checksum 29447519,,,
0,cpython,base,10.480956,0,PYBENCH nbody 2.589645 float,,,
0,cpython,null,10.503541,0,PYBENCH nbody 2.594661 float,,,
0,cpython,dit,11.281264,0,PYBENCH nbody 2.684103 float,,,
0,git,base,2.636537,0,579877,,,
0,git,null,2.411576,0,579877,,,
0,git,dit,2.471884,0,579877,,,
0,quickjs,base,13.385029,0,__total 3558,,,
0,quickjs,null,13.349816,0,__total 3582,,,
0,quickjs,dit,13.316644,0,__total 3383,,,
1,probe,base,0.030629,0,PROBE dit=0 const_ns_per_hop=0.2349 perm_ns_per_hop=0.9385 const_over_perm=0.2503 ck=665,0.2349,0.9385,0
1,probe,null,0.027379,0,PROBE dit=0 const_ns_per_hop=0.2367 perm_ns_per_hop=0.9376 const_over_perm=0.2524 ck=665,0.2367,0.9376,0
1,probe,dit,0.040805,0,PROBE dit=1 const_ns_per_hop=0.9385 perm_ns_per_hop=0.9370 const_over_perm=1.0016 ck=665,0.9385,0.9370,1
1,sqlite,base,4.105741,0,       TOTAL.......................................................    4.086s,,,
1,sqlite,null,4.186495,0,       TOTAL.......................................................    4.175s,,,
1,sqlite,dit,4.465887,0,       TOTAL.......................................................    4.454s,,,
1,lua,base,1.856793,0,LUABENCH binary_trees checksum 29447519,,,
1,lua,null,1.847546,0,LUABENCH binary_trees checksum 29447519,,,
1,lua,dit,2.012914,0,LUABENCH binary_trees checksum 29447519,,,
1,cpython,base,10.746481,0,PYBENCH nbody 2.697712 float,,,
1,cpython,null,10.531987,0,PYBENCH nbody 2.626852 float,,,
1,cpython,dit,11.328642,0,PYBENCH nbody 2.704798 float,,,
1,git,base,2.592557,0,579877,,,
1,git,null,2.390623,0,579877,,,
1,git,dit,2.444010,0,579877,,,
1,quickjs,base,13.306447,0,__total 3645,,,
1,quickjs,null,13.289464,0,__total 3604,,,
1,quickjs,dit,13.450052,0,__total 2948,,,
2,probe,base,0.028909,0,PROBE dit=0 const_ns_per_hop=0.2216 perm_ns_per_hop=0.8800 const_over_perm=0.2518 ck=665,0.2216,0.8800,0
2,probe,null,0.025795,0,PROBE dit=0 const_ns_per_hop=0.2329 perm_ns_per_hop=0.8790 const_over_perm=0.2649 ck=665,0.2329,0.8790,0
2,probe,dit,0.038394,0,PROBE dit=1 const_ns_per_hop=0.8847 perm_ns_per_hop=0.8808 const_over_perm=1.0044 ck=665,0.8847,0.8808,1
2,sqlite,base,4.026335,0,       TOTAL.......................................................    4.014s,,,
2,sqlite,null,4.018198,0,       TOTAL.......................................................    4.007s,,,
2,sqlite,dit,4.263176,0,       TOTAL.......................................................    4.253s,,,
2,lua,base,1.867784,0,LUABENCH binary_trees checksum 29447519,,,
2,lua,null,1.922305,0,LUABENCH binary_trees checksum 29447519,,,
2,lua,dit,2.257811,0,LUABENCH binary_trees checksum 29447519,,,
2,cpython,base,10.363957,0,PYBENCH nbody 2.546584 float,,,
2,cpython,null,10.361471,0,PYBENCH nbody 2.555957 float,,,
2,cpython,dit,11.074545,0,PYBENCH nbody 2.627850 float,,,
2,git,base,2.349014,0,579877,,,
2,git,null,2.362626,0,579877,,,
2,git,dit,2.420494,0,579877,,,
2,quickjs,base,13.310580,0,__total 3583,,,
2,quickjs,null,13.305777,0,__total 3580,,,
2,quickjs,dit,13.447044,0,__total 3360,,,
3,probe,base,0.024202,0,PROBE dit=0 const_ns_per_hop=0.2298 perm_ns_per_hop=0.8831 const_over_perm=0.2602 ck=665,0.2298,0.8831,0
3,probe,null,0.025870,0,PROBE dit=0 const_ns_per_hop=0.2297 perm_ns_per_hop=0.8798 const_over_perm=0.2611 ck=665,0.2297,0.8798,0
3,probe,dit,0.038075,0,PROBE dit=1 const_ns_per_hop=0.8704 perm_ns_per_hop=0.8796 const_over_perm=0.9896 ck=665,0.8704,0.8796,1
3,sqlite,base,4.004911,0,       TOTAL.......................................................    3.997s,,,
3,sqlite,null,4.020835,0,       TOTAL.......................................................    4.011s,,,
3,sqlite,dit,4.267226,0,       TOTAL.......................................................    4.256s,,,
3,lua,base,1.813037,0,LUABENCH binary_trees checksum 29447519,,,
3,lua,null,1.934318,0,LUABENCH binary_trees checksum 29447519,,,
3,lua,dit,2.195724,0,LUABENCH binary_trees checksum 29447519,,,
3,cpython,base,10.269562,0,PYBENCH nbody 2.552894 float,,,
3,cpython,null,10.330263,0,PYBENCH nbody 2.579107 float,,,
3,cpython,dit,11.106947,0,PYBENCH nbody 2.631045 float,,,
3,git,base,2.346373,0,579877,,,
3,git,null,2.352776,0,579877,,,
3,git,dit,2.416983,0,579877,,,
3,quickjs,base,13.303235,0,__total 3575,,,
3,quickjs,null,13.325401,0,__total 3560,,,
3,quickjs,dit,13.475444,0,__total 3265,,,
4,probe,base,0.023935,0,PROBE dit=0 const_ns_per_hop=0.2263 perm_ns_per_hop=0.8727 const_over_perm=0.2593 ck=665,0.2263,0.8727,0
4,probe,null,0.025867,0,PROBE dit=0 const_ns_per_hop=0.2314 perm_ns_per_hop=0.8776 const_over_perm=0.2637 ck=665,0.2314,0.8776,0
4,probe,dit,0.037902,0,PROBE dit=1 const_ns_per_hop=0.8741 perm_ns_per_hop=0.8706 const_over_perm=1.0040 ck=665,0.8741,0.8706,1
4,sqlite,base,4.004499,0,       TOTAL.......................................................    3.997s,,,
4,sqlite,null,4.025641,0,       TOTAL.......................................................    4.016s,,,
4,sqlite,dit,4.264909,0,       TOTAL.......................................................    4.254s,,,
4,lua,base,1.905301,0,LUABENCH binary_trees checksum 29447519,,,
4,lua,null,1.846654,0,LUABENCH binary_trees checksum 29447519,,,
4,lua,dit,2.123309,0,LUABENCH binary_trees checksum 29447519,,,
4,cpython,base,10.781520,0,PYBENCH nbody 2.615667 float,,,
4,cpython,null,10.381640,0,PYBENCH nbody 2.558561 float,,,
4,cpython,dit,11.065021,0,PYBENCH nbody 2.628511 float,,,
4,git,base,2.360802,0,579877,,,
4,git,null,2.357845,0,579877,,,
4,git,dit,2.408351,0,579877,,,
4,quickjs,base,13.300487,0,__total 3577,,,
4,quickjs,null,13.326743,0,__total 3513,,,
4,quickjs,dit,13.472738,0,__total 3285,,,
5,probe,base,0.024168,0,PROBE dit=0 const_ns_per_hop=0.2304 perm_ns_per_hop=0.8818 const_over_perm=0.2613 ck=665,0.2304,0.8818,0
5,probe,null,0.025657,0,PROBE dit=0 const_ns_per_hop=0.2289 perm_ns_per_hop=0.8720 const_over_perm=0.2625 ck=665,0.2289,0.8720,0
5,probe,dit,0.037787,0,PROBE dit=1 const_ns_per_hop=0.8705 perm_ns_per_hop=0.8708 const_over_perm=0.9997 ck=665,0.8705,0.8708,1
5,sqlite,base,3.995302,0,       TOTAL.......................................................    3.987s,,,
5,sqlite,null,4.007574,0,       TOTAL.......................................................    3.996s,,,
5,sqlite,dit,4.250846,0,       TOTAL.......................................................    4.240s,,,
5,lua,base,1.883553,0,LUABENCH binary_trees checksum 29447519,,,
5,lua,null,1.943613,0,LUABENCH binary_trees checksum 29447519,,,
5,lua,dit,2.819102,0,LUABENCH binary_trees checksum 29447519,,,
5,cpython,base,10.459034,0,PYBENCH nbody 2.579813 float,,,
5,cpython,null,10.322472,0,PYBENCH nbody 2.536427 float,,,
5,cpython,dit,11.020942,0,PYBENCH nbody 2.600046 float,,,
5,git,base,2.346274,0,579877,,,
5,git,null,2.346765,0,579877,,,
5,git,dit,2.398069,0,579877,,,
5,quickjs,base,13.299705,0,__total 3593,,,
5,quickjs,null,13.372281,0,__total 3535,,,
5,quickjs,dit,13.489532,0,__total 3258,,,
6,probe,base,0.023921,0,PROBE dit=0 const_ns_per_hop=0.2239 perm_ns_per_hop=0.8707 const_over_perm=0.2571 ck=665,0.2239,0.8707,0
6,probe,null,0.025698,0,PROBE dit=0 const_ns_per_hop=0.2278 perm_ns_per_hop=0.8712 const_over_perm=0.2615 ck=665,0.2278,0.8712,0
6,probe,dit,0.037817,0,PROBE dit=1 const_ns_per_hop=0.8689 perm_ns_per_hop=0.8713 const_over_perm=0.9972 ck=665,0.8689,0.8713,1
6,sqlite,base,4.013072,0,       TOTAL.......................................................    4.005s,,,
6,sqlite,null,4.001413,0,       TOTAL.......................................................    3.992s,,,
6,sqlite,dit,4.244476,0,       TOTAL.......................................................    4.234s,,,
6,lua,base,1.929687,0,LUABENCH binary_trees checksum 29447519,,,
6,lua,null,1.878947,0,LUABENCH binary_trees checksum 29447519,,,
6,lua,dit,2.104175,0,LUABENCH binary_trees checksum 29447519,,,
6,cpython,base,10.486752,0,PYBENCH nbody 2.585989 float,,,
6,cpython,null,10.412514,0,PYBENCH nbody 2.584643 float,,,
6,cpython,dit,11.063563,0,PYBENCH nbody 2.602484 float,,,
6,git,base,2.344900,0,579877,,,
6,git,null,2.349291,0,579877,,,
6,git,dit,2.398935,0,579877,,,
6,quickjs,base,13.318203,0,__total 3588,,,
6,quickjs,null,13.298932,0,__total 3580,,,
6,quickjs,dit,13.454400,0,__total 3331,,,
7,probe,base,0.023977,0,PROBE dit=0 const_ns_per_hop=0.2247 perm_ns_per_hop=0.8699 const_over_perm=0.2583 ck=665,0.2247,0.8699,0
7,probe,null,0.025822,0,PROBE dit=0 const_ns_per_hop=0.2293 perm_ns_per_hop=0.8760 const_over_perm=0.2618 ck=665,0.2293,0.8760,0
7,probe,dit,0.037890,0,PROBE dit=1 const_ns_per_hop=0.8722 perm_ns_per_hop=0.8714 const_over_perm=1.0010 ck=665,0.8722,0.8714,1
7,sqlite,base,4.005416,0,       TOTAL.......................................................    3.998s,,,
7,sqlite,null,4.012892,0,       TOTAL.......................................................    4.003s,,,
7,sqlite,dit,4.247124,0,       TOTAL.......................................................    4.236s,,,
7,lua,base,1.871032,0,LUABENCH binary_trees checksum 29447519,,,
7,lua,null,1.882230,0,LUABENCH binary_trees checksum 29447519,,,
7,lua,dit,2.146836,0,LUABENCH binary_trees checksum 29447519,,,
7,cpython,base,10.287513,0,PYBENCH nbody 2.536402 float,,,
7,cpython,null,10.334912,0,PYBENCH nbody 2.568052 float,,,
7,cpython,dit,11.071417,0,PYBENCH nbody 2.630960 float,,,
7,git,base,2.343164,0,579877,,,
7,git,null,2.337559,0,579877,,,
7,git,dit,2.402845,0,579877,,,
7,quickjs,base,13.299638,0,__total 3599,,,
7,quickjs,null,13.320769,0,__total 3523,,,
7,quickjs,dit,13.439296,0,__total 3392,,,
8,probe,base,0.023987,0,PROBE dit=0 const_ns_per_hop=0.2241 perm_ns_per_hop=0.8710 const_over_perm=0.2573 ck=665,0.2241,0.8710,0
8,probe,null,0.025645,0,PROBE dit=0 const_ns_per_hop=0.2320 perm_ns_per_hop=0.8744 const_over_perm=0.2653 ck=665,0.2320,0.8744,0
8,probe,dit,0.037828,0,PROBE dit=1 const_ns_per_hop=0.8693 perm_ns_per_hop=0.8726 const_over_perm=0.9962 ck=665,0.8693,0.8726,1
8,sqlite,base,3.992837,0,       TOTAL.......................................................    3.986s,,,
8,sqlite,null,3.996197,0,       TOTAL.......................................................    3.985s,,,
8,sqlite,dit,4.251595,0,       TOTAL.......................................................    4.242s,,,
8,lua,base,1.914226,0,LUABENCH binary_trees checksum 29447519,,,
8,lua,null,1.934673,0,LUABENCH binary_trees checksum 29447519,,,
8,lua,dit,2.184343,0,LUABENCH binary_trees checksum 29447519,,,
8,cpython,base,10.333748,0,PYBENCH nbody 2.542833 float,,,
8,cpython,null,10.372225,0,PYBENCH nbody 2.577232 float,,,
8,cpython,dit,11.051947,0,PYBENCH nbody 2.625474 float,,,
8,git,base,2.350350,0,579877,,,
8,git,null,2.344764,0,579877,,,
8,git,dit,2.408758,0,579877,,,
8,quickjs,base,13.313689,0,__total 3547,,,
8,quickjs,null,13.306124,0,__total 3563,,,
8,quickjs,dit,13.476994,0,__total 3235,,,
9,probe,base,0.023914,0,PROBE dit=0 const_ns_per_hop=0.2266 perm_ns_per_hop=0.8737 const_over_perm=0.2594 ck=665,0.2266,0.8737,0
9,probe,null,0.025683,0,PROBE dit=0 const_ns_per_hop=0.2290 perm_ns_per_hop=0.8759 const_over_perm=0.2614 ck=665,0.2290,0.8759,0
9,probe,dit,0.038006,0,PROBE dit=1 const_ns_per_hop=0.8712 perm_ns_per_hop=0.8704 const_over_perm=1.0009 ck=665,0.8712,0.8704,1
9,sqlite,base,3.997127,0,       TOTAL.......................................................    3.990s,,,
9,sqlite,null,4.119455,0,       TOTAL.......................................................    4.108s,,,
9,sqlite,dit,4.248681,0,       TOTAL.......................................................    4.239s,,,
9,lua,base,1.900647,0,LUABENCH binary_trees checksum 29447519,,,
9,lua,null,1.898966,0,LUABENCH binary_trees checksum 29447519,,,
9,lua,dit,2.185953,0,LUABENCH binary_trees checksum 29447519,,,
9,cpython,base,10.270232,0,PYBENCH nbody 2.556761 float,,,
9,cpython,null,10.262912,0,PYBENCH nbody 2.552916 float,,,
9,cpython,dit,11.019774,0,PYBENCH nbody 2.586797 float,,,
9,git,base,2.341869,0,579877,,,
9,git,null,2.341559,0,579877,,,
9,git,dit,2.411962,0,579877,,,
9,quickjs,base,13.334132,0,__total 3575,,,
9,quickjs,null,13.334361,0,__total 3590,,,
9,quickjs,dit,13.437513,0,__total 3376,,,
10,probe,base,0.023986,0,PROBE dit=0 const_ns_per_hop=0.2256 perm_ns_per_hop=0.8780 const_over_perm=0.2570 ck=665,0.2256,0.8780,0
10,probe,null,0.025636,0,PROBE dit=0 const_ns_per_hop=0.2304 perm_ns_per_hop=0.8742 const_over_perm=0.2635 ck=665,0.2304,0.8742,0
10,probe,dit,0.037997,0,PROBE dit=1 const_ns_per_hop=0.8717 perm_ns_per_hop=0.8732 const_over_perm=0.9984 ck=665,0.8717,0.8732,1
10,sqlite,base,4.010727,0,       TOTAL.......................................................    4.003s,,,
10,sqlite,null,3.988285,0,       TOTAL.......................................................    3.979s,,,
10,sqlite,dit,4.238927,0,       TOTAL.......................................................    4.229s,,,
10,lua,base,1.889812,0,LUABENCH binary_trees checksum 29447519,,,
10,lua,null,1.916237,0,LUABENCH binary_trees checksum 29447519,,,
10,lua,dit,2.208184,0,LUABENCH binary_trees checksum 29447519,,,
10,cpython,base,10.312586,0,PYBENCH nbody 2.554384 float,,,
10,cpython,null,10.278118,0,PYBENCH nbody 2.540746 float,,,
10,cpython,dit,11.066953,0,PYBENCH nbody 2.631059 float,,,
10,git,base,2.339529,0,579877,,,
10,git,null,2.352253,0,579877,,,
10,git,dit,2.407981,0,579877,,,
10,quickjs,base,13.321868,0,__total 3588,,,
10,quickjs,null,13.359833,0,__total 3458,,,
10,quickjs,dit,13.466241,0,__total 3322,,,
11,probe,base,0.023779,0,PROBE dit=0 const_ns_per_hop=0.2201 perm_ns_per_hop=0.8691 const_over_perm=0.2532 ck=665,0.2201,0.8691,0
11,probe,null,0.025450,0,PROBE dit=0 const_ns_per_hop=0.2250 perm_ns_per_hop=0.8697 const_over_perm=0.2587 ck=665,0.2250,0.8697,0
11,probe,dit,0.037641,0,PROBE dit=1 const_ns_per_hop=0.8693 perm_ns_per_hop=0.8692 const_over_perm=1.0002 ck=665,0.8693,0.8692,1
11,sqlite,base,3.996008,0,       TOTAL.......................................................    3.988s,,,
11,sqlite,null,3.995487,0,       TOTAL.......................................................    3.986s,,,
11,sqlite,dit,4.242825,0,       TOTAL.......................................................    4.233s,,,
11,lua,base,1.862923,0,LUABENCH binary_trees checksum 29447519,,,
11,lua,null,1.924270,0,LUABENCH binary_trees checksum 29447519,,,
11,lua,dit,2.233600,0,LUABENCH binary_trees checksum 29447519,,,
11,cpython,base,10.348739,0,PYBENCH nbody 2.553842 float,,,
11,cpython,null,10.404280,0,PYBENCH nbody 2.545425 float,,,
11,cpython,dit,10.999965,0,PYBENCH nbody 2.597027 float,,,
11,git,base,2.310361,0,579877,,,
11,git,null,2.307962,0,579877,,,
11,git,dit,2.378322,0,579877,,,
11,quickjs,base,13.305048,0,__total 3581,,,
11,quickjs,null,13.301392,0,__total 3497,,,
11,quickjs,dit,13.475587,0,__total 3248,,,
