rep,inputs,arm,ns_per_op,err,probe_off,probe_on
0,1,null,15123009.62,0.5,0.2193,0.8709
0,1,always,15695840.25,0.5,0.2193,0.8709
0,1,pass,15416263.92,0.7,0.2193,0.8709
0,1,passnop,15206007.00,0.3,0.2193,0.8709
0,1,baseline2,15193497.07,0.3,0.2193,0.8709
0,1,pub_base,14735991.07,1.3,0.2193,0.8709
0,1,pub_always,15067291.69,0.5,0.2193,0.8709
0,1,baseline,15069071.43,0.9,0.2193,0.8709
0,4,null,15512442.31,0.7,0.2193,0.8709
0,4,always,16071458.31,0.5,0.2193,0.8709
0,4,pass,15842075.73,1.5,0.2193,0.8709
0,4,passnop,15679576.42,0.7,0.2193,0.8709
0,4,baseline2,15496685.92,0.7,0.2193,0.8709
0,4,pub_base,14558205.60,0.4,0.2193,0.8709
0,4,pub_always,15224830.36,0.8,0.2193,0.8709
0,4,baseline,15464794.64,0.5,0.2193,0.8709
0,10,null,16667362.15,0.9,0.2193,0.8709
0,10,always,17037343.75,1.2,0.2193,0.8709
0,10,pass,16372179.46,0.6,0.2193,0.8709
0,10,passnop,16209326.92,0.3,0.2193,0.8709
0,10,baseline2,16225309.00,0.5,0.2193,0.8709
0,10,pub_base,15158794.64,0.7,0.2193,0.8709
0,10,pub_always,15646099.31,0.4,0.2193,0.8709
0,10,baseline,16884961.83,0.5,0.2193,0.8709
0,25,null,18060731.09,0.4,0.2193,0.8709
0,25,always,19205037.91,0.5,0.2193,0.8709
0,25,pass,18641184.08,1.0,0.2193,0.8709
0,25,passnop,18388895.80,0.4,0.2193,0.8709
0,25,baseline2,18220537.91,0.6,0.2193,0.8709
0,25,pub_base,14702503.23,0.2,0.2193,0.8709
0,25,pub_always,15316850.67,0.3,0.2193,0.8709
0,25,baseline,18456691.70,0.4,0.2193,0.8709
0,50,null,21305338.00,0.7,0.2193,0.8709
0,50,always,22159546.88,0.9,0.2193,0.8709
0,50,pass,21743226.89,0.5,0.2193,0.8709
0,50,passnop,21346004.67,0.1,0.2193,0.8709
0,50,baseline2,21136200.00,0.3,0.2193,0.8709
0,50,pub_base,15074275.69,0.5,0.2193,0.8709
0,50,pub_always,15493947.92,0.6,0.2193,0.8709
0,50,baseline,21290300.00,0.2,0.2193,0.8709
0,100,null,27032392.86,0.2,0.2193,0.8709
0,100,always,28493702.29,0.4,0.2193,0.8709
0,100,pass,28338267.86,0.3,0.2193,0.8709
0,100,passnop,27454654.71,0.4,0.2193,0.8709
0,100,baseline2,27130255.25,0.6,0.2193,0.8709
0,100,pub_base,15229322.92,0.8,0.2193,0.8709
0,100,pub_always,15603759.62,0.7,0.2193,0.8709
0,100,baseline,27837578.12,0.6,0.2193,0.8709
0,200,null,39408900.00,0.4,0.2193,0.8709
0,200,always,40464408.40,0.1,0.2193,0.8709
0,200,pass,41567816.60,0.5,0.2193,0.8709
0,200,passnop,39570325.00,0.6,0.2193,0.8709
0,200,baseline2,39250641.60,0.3,0.2193,0.8709
0,200,pub_base,15346134.62,0.5,0.2193,0.8709
0,200,pub_always,15882722.25,0.6,0.2193,0.8709
0,200,baseline,39286402.83,0.5,0.2193,0.8709
0,400,null,63657847.33,0.3,0.2193,0.8709
0,400,always,65921541.67,0.2,0.2193,0.8709
0,400,pass,66967153.00,0.2,0.2193,0.8709
0,400,passnop,63387486.00,0.4,0.2193,0.8709
0,400,baseline2,63495291.67,0.3,0.2193,0.8709
0,400,pub_base,15628670.08,0.5,0.2193,0.8709
0,400,pub_always,16211318.18,1.4,0.2193,0.8709
0,400,baseline,63490319.33,0.4,0.2193,0.8709
1,1,always,15506017.86,0.4,0.2230,0.8763
1,1,pass,15152506.38,0.6,0.2230,0.8763
1,1,passnop,15613473.21,0.4,0.2230,0.8763
1,1,baseline2,15682073.77,1.2,0.2230,0.8763
1,1,pub_base,14582047.64,0.4,0.2230,0.8763
1,1,pub_always,15380196.43,0.7,0.2230,0.8763
1,1,baseline,15347982.58,0.5,0.2230,0.8763
1,1,null,15309738.14,0.2,0.2230,0.8763
1,4,always,16322607.67,0.5,0.2230,0.8763
1,4,pass,15684714.29,0.3,0.2230,0.8763
1,4,passnop,15817990.38,0.7,0.2230,0.8763
1,4,baseline2,15441237.15,0.7,0.2230,0.8763
1,4,pub_base,14492217.29,0.4,0.2230,0.8763
1,4,pub_always,15322125.00,0.4,0.2230,0.8763
1,4,baseline,15756038.17,0.4,0.2230,0.8763
1,4,null,15721000.00,0.3,0.2230,0.8763
1,10,always,16887166.67,0.4,0.2230,0.8763
1,10,pass,16528343.00,0.6,0.2230,0.8763
1,10,passnop,16885336.54,0.6,0.2230,0.8763
1,10,baseline2,16345464.77,0.4,0.2230,0.8763
1,10,pub_base,14548735.14,0.2,0.2230,0.8763
1,10,pub_always,14925612.15,0.3,0.2230,0.8763
1,10,baseline,16288454.92,0.4,0.2230,0.8763
1,10,null,16392316.00,0.3,0.2230,0.8763
1,25,always,18999303.09,0.3,0.2230,0.8763
1,25,pass,18622727.27,0.2,0.2230,0.8763
1,25,passnop,18457159.09,1.2,0.2230,0.8763
1,25,baseline2,18153552.08,0.2,0.2230,0.8763
1,25,pub_base,14718833.33,0.4,0.2230,0.8763
1,25,pub_always,15778333.31,0.9,0.2230,0.8763
1,25,baseline,18542159.09,0.5,0.2230,0.8763
1,25,null,18395916.64,1.2,0.2230,0.8763
1,50,always,22762479.12,0.4,0.2230,0.8763
1,50,pass,22250004.56,0.4,0.2230,0.8763
1,50,passnop,21700134.22,0.3,0.2230,0.8763
1,50,baseline2,21213829.10,0.2,0.2230,0.8763
1,50,pub_base,15048737.15,0.4,0.2230,0.8763
1,50,pub_always,15312093.75,0.9,0.2230,0.8763
1,50,baseline,21373055.56,0.4,0.2230,0.8763
1,50,null,21246058.30,0.2,0.2230,0.8763
1,100,always,28617523.86,0.6,0.2230,0.8763
1,100,pass,28401482.14,0.2,0.2230,0.8763
1,100,passnop,27575906.25,0.2,0.2230,0.8763
1,100,baseline2,27439609.38,0.6,0.2230,0.8763
1,100,pub_base,15207689.15,0.5,0.2230,0.8763
1,100,pub_always,15583007.00,0.4,0.2230,0.8763
1,100,baseline,27176500.00,0.2,0.2230,0.8763
1,100,null,27370437.50,0.7,0.2230,0.8763
1,200,always,40854766.60,0.2,0.2230,0.8763
1,200,pass,41112583.40,0.3,0.2230,0.8763
1,200,passnop,39764400.00,0.7,0.2230,0.8763
1,200,baseline2,39822008.20,0.3,0.2230,0.8763
1,200,pub_base,15250105.77,0.4,0.2230,0.8763
1,200,pub_always,15888375.00,0.8,0.2230,0.8763
1,200,baseline,39390266.60,0.2,0.2230,0.8763
1,200,null,39313683.20,0.3,0.2230,0.8763
1,400,always,66429222.00,0.4,0.2230,0.8763
1,400,pass,67328194.33,0.3,0.2230,0.8763
1,400,passnop,65051916.67,0.3,0.2230,0.8763
1,400,baseline2,63810444.33,0.2,0.2230,0.8763
1,400,pub_base,15805859.00,0.6,0.2230,0.8763
1,400,pub_always,16703858.92,0.6,0.2230,0.8763
1,400,baseline,64146930.67,0.5,0.2230,0.8763
1,400,null,63331722.00,0.2,0.2230,0.8763
2,1,pass,15138173.67,0.3,0.2275,0.8697
2,1,passnop,15559967.29,1.0,0.2275,0.8697
2,1,baseline2,15476070.46,0.6,0.2275,0.8697
2,1,pub_base,14665095.21,0.4,0.2275,0.8697
2,1,pub_always,15558041.67,0.4,0.2275,0.8697
2,1,baseline,15209474.38,0.4,0.2275,0.8697
2,1,null,15149889.86,0.2,0.2275,0.8697
2,1,always,16312833.31,0.5,0.2275,0.8697
2,4,pass,15763253.15,0.6,0.2275,0.8697
2,4,passnop,15441476.14,0.5,0.2275,0.8697
2,4,baseline2,15571432.69,0.4,0.2275,0.8697
2,4,pub_base,14747863.14,0.5,0.2275,0.8697
2,4,pub_always,15723451.92,0.7,0.2275,0.8697
2,4,baseline,15710121.58,0.8,0.2275,0.8697
2,4,null,15978830.08,0.5,0.2275,0.8697
2,4,always,22432945.80,1.5,0.2275,0.8697
2,10,pass,16673762.85,0.6,0.2275,0.8697
2,10,passnop,16554767.33,0.3,0.2275,0.8697
2,10,baseline2,16333598.45,0.5,0.2275,0.8697
2,10,pub_base,15464149.25,0.5,0.2275,0.8697
2,10,pub_always,15655250.00,0.6,0.2275,0.8697
2,10,baseline,16779298.58,0.5,0.2275,0.8697
2,10,null,16444939.08,0.3,0.2275,0.8697
2,10,always,17220776.45,0.4,0.2275,0.8697
2,25,pass,18357587.09,0.6,0.2275,0.8697
2,25,passnop,18213935.55,0.6,0.2275,0.8697
2,25,baseline2,18158054.20,0.3,0.2275,0.8697
2,25,pub_base,15501858.92,0.5,0.2275,0.8697
2,25,pub_always,15421369.07,0.5,0.2275,0.8697
2,25,baseline,18474712.18,0.5,0.2275,0.8697
2,25,null,18442007.55,0.7,0.2275,0.8697
2,25,always,19023371.27,0.8,0.2275,0.8697
2,50,pass,21984120.33,0.3,0.2275,0.8697
2,50,passnop,21235009.22,0.6,0.2275,0.8697
2,50,baseline2,21219046.22,0.3,0.2275,0.8697
2,50,pub_base,14763491.07,0.3,0.2275,0.8697
2,50,pub_always,15245827.36,0.5,0.2275,0.8697
2,50,baseline,21295893.44,0.5,0.2275,0.8697
2,50,null,21342421.33,0.4,0.2275,0.8697
2,50,always,22235305.56,0.3,0.2275,0.8697
2,100,pass,28558875.00,0.4,0.2275,0.8697
2,100,passnop,27196593.75,0.4,0.2275,0.8697
2,100,baseline2,27297020.88,0.5,0.2275,0.8697
2,100,pub_base,14814026.79,0.1,0.2275,0.8697
2,100,pub_always,15713105.77,0.9,0.2275,0.8697
2,100,baseline,27444020.75,0.6,0.2275,0.8697
2,100,null,28181976.14,0.4,0.2275,0.8697
2,100,always,29059597.33,0.4,0.2275,0.8697
2,200,pass,41429766.60,0.4,0.2275,0.8697
2,200,passnop,39539241.60,0.5,0.2275,0.8697
2,200,baseline2,38971516.60,0.4,0.2275,0.8697
2,200,pub_base,15579479.17,0.3,0.2275,0.8697
2,200,pub_always,15736848.21,0.4,0.2275,0.8697
2,200,baseline,39823966.80,0.2,0.2275,0.8697
2,200,null,39677125.00,0.7,0.2275,0.8697
2,200,always,40335625.00,0.6,0.2275,0.8697
2,400,pass,67054305.67,0.4,0.2275,0.8697
2,400,passnop,63165958.33,0.4,0.2275,0.8697
2,400,baseline2,63421236.33,0.4,0.2275,0.8697
2,400,pub_base,15667375.00,0.6,0.2275,0.8697
2,400,pub_always,16522902.75,0.8,0.2275,0.8697
2,400,baseline,62970194.33,0.3,0.2275,0.8697
2,400,null,63582180.67,0.3,0.2275,0.8697
2,400,always,67011583.33,0.9,0.2275,0.8697
3,1,passnop,15376247.00,0.9,0.2185,0.8693
3,1,baseline2,15135263.83,0.5,0.2185,0.8693
3,1,pub_base,14711615.38,0.4,0.2185,0.8693
3,1,pub_always,15054027.83,0.6,0.2185,0.8693
3,1,baseline,15082178.57,0.7,0.2185,0.8693
3,1,null,15162089.29,0.4,0.2185,0.8693
3,1,always,15529173.67,0.4,0.2185,0.8693
3,1,pass,15215006.46,0.7,0.2185,0.8693
3,4,passnop,15522259.62,0.5,0.2185,0.8693
3,4,baseline2,15728743.62,0.7,0.2185,0.8693
3,4,pub_base,14933583.33,0.7,0.2185,0.8693
3,4,pub_always,15385968.75,0.5,0.2185,0.8693
3,4,baseline,15536419.85,0.4,0.2185,0.8693
3,4,null,15530762.85,0.6,0.2185,0.8693
3,4,always,16173522.73,0.7,0.2185,0.8693
3,4,pass,15935756.92,0.3,0.2185,0.8693
3,10,passnop,16587986.08,0.3,0.2185,0.8693
3,10,baseline2,16573083.38,0.8,0.2185,0.8693
3,10,pub_base,14595725.67,0.3,0.2185,0.8693
3,10,pub_always,15734187.50,0.8,0.2185,0.8693
3,10,baseline,16676284.09,0.2,0.2185,0.8693
3,10,null,16435445.46,0.5,0.2185,0.8693
3,10,always,17453812.50,0.5,0.2185,0.8693
3,10,pass,16527325.82,0.9,0.2185,0.8693
3,25,passnop,18099571.91,0.4,0.2185,0.8693
3,25,baseline2,18061045.90,0.4,0.2185,0.8693
3,25,pub_base,15324413.17,0.6,0.2185,0.8693
3,25,pub_always,15685489.58,0.4,0.2185,0.8693
3,25,baseline,18690187.50,0.9,0.2185,0.8693
3,25,null,18516734.82,0.3,0.2185,0.8693
3,25,always,18600072.00,0.3,0.2185,0.8693
3,25,pass,18648867.45,0.5,0.2185,0.8693
3,50,passnop,21442866.70,0.6,0.2185,0.8693
3,50,baseline2,21143097.22,0.2,0.2185,0.8693
3,50,pub_base,14738738.14,0.5,0.2185,0.8693
3,50,pub_always,15511692.31,2.1,0.2185,0.8693
3,50,baseline,21175695.90,0.1,0.2185,0.8693
3,50,null,21386762.50,0.2,0.2185,0.8693
3,50,always,22178380.25,0.3,0.2185,0.8693
3,50,pass,21833268.56,0.1,0.2185,0.8693
3,100,passnop,27122988.00,0.4,0.2185,0.8693
3,100,baseline2,27318089.29,0.2,0.2185,0.8693
3,100,pub_base,15827826.42,0.5,0.2185,0.8693
3,100,pub_always,15870784.75,0.4,0.2185,0.8693
3,100,baseline,27210255.86,0.7,0.2185,0.8693
3,100,null,27017511.86,0.3,0.2185,0.8693
3,100,always,28344809.57,0.7,0.2185,0.8693
3,100,pass,27981703.12,0.4,0.2185,0.8693
3,200,passnop,39236300.00,0.5,0.2185,0.8693
3,200,baseline2,39538050.00,0.8,0.2185,0.8693
3,200,pub_base,15062452.43,0.5,0.2185,0.8693
3,200,pub_always,16219940.92,0.3,0.2185,0.8693
3,200,baseline,39159979.17,0.3,0.2185,0.8693
3,200,null,39036650.00,0.2,0.2185,0.8693
3,200,always,40679525.00,0.4,0.2185,0.8693
3,200,pass,41283979.25,0.5,0.2185,0.8693
3,400,passnop,63455833.33,0.4,0.2185,0.8693
3,400,baseline2,63160014.00,0.5,0.2185,0.8693
3,400,pub_base,15839698.77,0.4,0.2185,0.8693
3,400,pub_always,16194992.45,0.4,0.2185,0.8693
3,400,baseline,63041583.33,0.5,0.2185,0.8693
3,400,null,63007111.00,0.2,0.2185,0.8693
3,400,always,65501277.67,0.4,0.2185,0.8693
3,400,pass,66666708.33,0.4,0.2185,0.8693
4,1,baseline2,15373079.83,0.3,0.2190,0.8689
4,1,pub_base,14838932.69,0.4,0.2190,0.8689
4,1,pub_always,15408336.75,0.7,0.2190,0.8689
4,1,baseline,15977390.18,0.9,0.2190,0.8689
4,1,null,15719698.69,0.8,0.2190,0.8689
4,1,always,16051173.58,0.3,0.2190,0.8689
4,1,pass,15488321.43,0.6,0.2190,0.8689
4,1,passnop,15254851.14,0.7,0.2190,0.8689
4,4,baseline2,15610641.00,0.5,0.2190,0.8689
4,4,pub_base,14818324.36,0.4,0.2190,0.8689
4,4,pub_always,15095360.07,0.6,0.2190,0.8689
4,4,baseline,15899934.00,0.5,0.2190,0.8689
4,4,null,15680496.27,0.3,0.2190,0.8689
4,4,always,16206940.92,0.8,0.2190,0.8689
4,4,pass,15729750.00,0.7,0.2190,0.8689
4,4,passnop,15711823.77,0.4,0.2190,0.8689
4,10,baseline2,16709112.23,0.4,0.2190,0.8689
4,10,pub_base,14745241.07,0.4,0.2190,0.8689
4,10,pub_always,14960180.58,0.5,0.2190,0.8689
4,10,baseline,16324448.69,0.2,0.2190,0.8689
4,10,null,16466166.67,0.4,0.2190,0.8689
4,10,always,16671525.69,0.5,0.2190,0.8689
4,10,pass,16680392.33,0.5,0.2190,0.8689
4,10,passnop,16241854.17,0.3,0.2190,0.8689
4,25,baseline2,18159757.55,0.1,0.2190,0.8689
4,25,pub_base,14810863.07,0.7,0.2190,0.8689
4,25,pub_always,15102500.00,0.5,0.2190,0.8689
4,25,baseline,18103945.80,0.4,0.2190,0.8689
4,25,null,18367491.60,0.8,0.2190,0.8689
4,25,always,18850154.10,0.7,0.2190,0.8689
4,25,pass,18232020.80,0.2,0.2190,0.8689
4,25,passnop,18052083.30,0.4,0.2190,0.8689
4,50,baseline2,21263652.78,0.3,0.2190,0.8689
4,50,pub_base,14872189.08,0.6,0.2190,0.8689
4,50,pub_always,15093260.42,0.2,0.2190,0.8689
4,50,baseline,21001100.00,0.5,0.2190,0.8689
4,50,null,21063268.56,0.3,0.2190,0.8689
4,50,always,21743475.00,0.3,0.2190,0.8689
4,50,pass,21499237.50,0.4,0.2190,0.8689
4,50,passnop,21109391.60,0.3,0.2190,0.8689
4,100,baseline2,27177869.14,0.4,0.2190,0.8689
4,100,pub_base,14794804.54,0.5,0.2190,0.8689
4,100,pub_always,15753649.33,0.4,0.2190,0.8689
4,100,baseline,27319109.38,0.4,0.2190,0.8689
4,100,null,27479901.00,0.0,0.2190,0.8689
4,100,always,28362089.29,0.2,0.2190,0.8689
4,100,pass,28551053.57,0.5,0.2190,0.8689
4,100,passnop,27197130.25,0.3,0.2190,0.8689
4,200,baseline2,39139608.40,0.4,0.2190,0.8689
4,200,pub_base,15189208.38,0.1,0.2190,0.8689
4,200,pub_always,16492589.69,1.5,0.2190,0.8689
4,200,baseline,39180983.20,0.4,0.2190,0.8689
4,200,null,39057925.00,0.2,0.2190,0.8689
4,200,always,41190558.40,0.3,0.2190,0.8689
4,200,pass,41133500.00,0.2,0.2190,0.8689
4,200,passnop,39331858.40,0.4,0.2190,0.8689
4,400,baseline2,63221111.33,0.3,0.2190,0.8689
4,400,pub_base,15813753.50,0.4,0.2190,0.8689
4,400,pub_always,16284791.69,0.6,0.2190,0.8689
4,400,baseline,63007597.33,0.2,0.2190,0.8689
4,400,null,62732069.67,0.2,0.2190,0.8689
4,400,always,65326180.67,0.3,0.2190,0.8689
4,400,pass,67128389.00,0.4,0.2190,0.8689
4,400,passnop,62519666.67,0.5,0.2190,0.8689
5,1,pub_base,14830041.64,0.4,0.2179,0.8687
5,1,pub_always,15147994.07,0.8,0.2179,0.8687
5,1,baseline,15025470.21,0.2,0.2179,0.8687
5,1,null,15544846.15,0.3,0.2179,0.8687
5,1,always,15710770.86,0.7,0.2179,0.8687
5,1,pass,15113887.85,0.5,0.2179,0.8687
5,1,passnop,15210224.38,0.4,0.2179,0.8687
5,1,baseline2,15214725.67,0.4,0.2179,0.8687
5,4,pub_base,14901714.29,0.7,0.2179,0.8687
5,4,pub_always,16078059.08,0.3,0.2179,0.8687
5,4,baseline,15660118.62,0.4,0.2179,0.8687
5,4,null,16171189.08,0.5,0.2179,0.8687
5,4,always,15947208.31,0.6,0.2179,0.8687
5,4,pass,15619812.50,0.4,0.2179,0.8687
5,4,passnop,15847968.75,0.9,0.2179,0.8687
5,4,baseline2,15887548.67,0.4,0.2179,0.8687
5,10,pub_base,14810702.36,0.4,0.2179,0.8687
5,10,pub_always,15821137.85,0.5,0.2179,0.8687
5,10,baseline,16350179.46,0.3,0.2179,0.8687
5,10,null,16166942.31,0.3,0.2179,0.8687
5,10,always,16826756.92,0.6,0.2179,0.8687
5,10,pass,16473861.17,0.3,0.2179,0.8687
5,10,passnop,16539569.50,1.0,0.2179,0.8687
5,10,baseline2,16094314.36,0.3,0.2179,0.8687
5,25,pub_base,14588613.07,0.1,0.2179,0.8687
5,25,pub_always,15281372.00,0.6,0.2179,0.8687
5,25,baseline,18213020.90,0.7,0.2179,0.8687
5,25,null,18290272.73,0.6,0.2179,0.8687
5,25,always,18639015.09,0.5,0.2179,0.8687
5,25,pass,18292312.50,0.2,0.2179,0.8687
5,25,passnop,18346961.75,0.3,0.2179,0.8687
5,25,baseline2,18171371.18,0.5,0.2179,0.8687
5,50,pub_base,15048397.38,0.4,0.2179,0.8687
5,50,pub_always,15242855.77,0.3,0.2179,0.8687
5,50,baseline,21464495.33,0.3,0.2179,0.8687
5,50,null,21259779.10,0.4,0.2179,0.8687
5,50,always,21853402.78,0.4,0.2179,0.8687
5,50,pass,21652645.80,0.6,0.2179,0.8687
5,50,passnop,21382987.50,0.3,0.2179,0.8687
5,50,baseline2,21186662.11,0.3,0.2179,0.8687
5,100,pub_base,15009326.42,0.4,0.2179,0.8687
5,100,pub_always,15885315.50,0.8,0.2179,0.8687
5,100,baseline,27249083.38,0.5,0.2179,0.8687
5,100,null,27160553.57,0.4,0.2179,0.8687
5,100,always,28192178.57,0.4,0.2179,0.8687
5,100,pass,28210130.25,0.2,0.2179,0.8687
5,100,passnop,27224052.12,0.4,0.2179,0.8687
5,100,baseline2,26951661.50,0.5,0.2179,0.8687
5,200,pub_base,15156205.15,0.8,0.2179,0.8687
5,200,pub_always,15406845.29,0.3,0.2179,0.8687
5,200,baseline,38848291.60,0.2,0.2179,0.8687
5,200,null,39596550.00,0.8,0.2179,0.8687
5,200,always,41286541.80,0.7,0.2179,0.8687
5,200,pass,41337716.60,0.6,0.2179,0.8687
5,200,passnop,39239008.20,0.2,0.2179,0.8687
5,200,baseline2,39264600.00,0.5,0.2179,0.8687
5,400,pub_base,16168520.83,0.5,0.2179,0.8687
5,400,pub_always,16051089.77,0.3,0.2179,0.8687
5,400,baseline,62890958.33,0.4,0.2179,0.8687
5,400,null,62692903.00,0.2,0.2179,0.8687
5,400,always,66199639.00,0.8,0.2179,0.8687
5,400,pass,65986208.33,0.6,0.2179,0.8687
5,400,passnop,63003750.00,0.5,0.2179,0.8687
5,400,baseline2,63164888.67,0.2,0.2179,0.8687
6,1,pub_always,15365069.42,0.3,0.2182,0.8689
6,1,baseline,15260901.79,0.3,0.2182,0.8689
6,1,null,14998560.92,0.3,0.2182,0.8689
6,1,always,15503647.38,0.6,0.2182,0.8689
6,1,pass,15265178.57,0.4,0.2182,0.8689
6,1,passnop,15164660.23,0.4,0.2182,0.8689
6,1,baseline2,15236982.67,0.6,0.2182,0.8689
6,1,pub_base,14850169.64,0.4,0.2182,0.8689
6,4,pub_always,15988204.83,0.9,0.2182,0.8689
6,4,baseline,15427586.54,0.6,0.2182,0.8689
6,4,null,15404304.46,0.4,0.2182,0.8689
6,4,always,16039760.42,0.5,0.2182,0.8689
6,4,pass,15652041.69,1.4,0.2182,0.8689
6,4,passnop,15695798.08,0.4,0.2182,0.8689
6,4,baseline2,15875934.00,0.5,0.2182,0.8689
6,4,pub_base,15159050.64,0.4,0.2182,0.8689
6,10,pub_always,15576208.33,0.6,0.2182,0.8689
6,10,baseline,16208926.31,0.6,0.2182,0.8689
6,10,null,16432929.54,1.3,0.2182,0.8689
6,10,always,16980045.45,0.7,0.2182,0.8689
6,10,pass,16746349.38,0.4,0.2182,0.8689
6,10,passnop,16322507.64,0.5,0.2182,0.8689
6,10,baseline2,16224740.38,0.6,0.2182,0.8689
6,10,pub_base,14639216.67,0.7,0.2182,0.8689
6,25,pub_always,15434006.46,0.8,0.2182,0.8689
6,25,baseline,18188420.08,0.4,0.2182,0.8689
6,25,null,18219825.73,0.4,0.2182,0.8689
6,25,always,19101443.18,0.3,0.2182,0.8689
6,25,pass,18243852.27,0.7,0.2182,0.8689
6,25,passnop,18404178.00,0.7,0.2182,0.8689
6,25,baseline2,17912617.45,0.4,0.2182,0.8689
6,25,pub_base,14513261.93,0.3,0.2182,0.8689
6,50,pub_always,15618476.14,0.3,0.2182,0.8689
6,50,baseline,21056398.22,0.2,0.2182,0.8689
6,50,null,20901375.00,0.2,0.2182,0.8689
6,50,always,21839408.30,0.4,0.2182,0.8689
6,50,pass,21455400.00,0.3,0.2182,0.8689
6,50,passnop,21107004.67,0.2,0.2182,0.8689
6,50,baseline2,20990995.33,0.4,0.2182,0.8689
6,50,pub_base,15177267.86,0.4,0.2182,0.8689
6,100,pub_always,15733604.17,0.5,0.2182,0.8689
6,100,baseline,26997773.86,0.2,0.2182,0.8689
6,100,null,27177348.88,0.4,0.2182,0.8689
6,100,always,27995267.86,0.2,0.2182,0.8689
6,100,pass,28287113.14,0.4,0.2182,0.8689
6,100,passnop,27533453.12,0.3,0.2182,0.8689
6,100,baseline2,27702178.57,0.6,0.2182,0.8689
6,100,pub_base,14784109.00,0.3,0.2182,0.8689
6,200,pub_always,15614942.31,0.5,0.2182,0.8689
6,200,baseline,39573366.60,0.4,0.2182,0.8689
6,200,null,39135691.60,0.5,0.2182,0.8689
6,200,always,40540116.60,0.4,0.2182,0.8689
6,200,pass,40785233.40,0.3,0.2182,0.8689
6,200,passnop,39052033.20,0.2,0.2182,0.8689
6,200,baseline2,39631241.80,0.4,0.2182,0.8689
6,200,pub_base,15044903.85,0.5,0.2182,0.8689
6,400,pub_always,16007642.42,0.6,0.2182,0.8689
6,400,baseline,63664500.00,0.5,0.2182,0.8689
6,400,null,62550111.00,0.1,0.2182,0.8689
6,400,always,66218041.67,0.8,0.2182,0.8689
6,400,pass,67158444.33,0.4,0.2182,0.8689
6,400,passnop,63208111.00,0.3,0.2182,0.8689
6,400,baseline2,62818430.67,0.2,0.2182,0.8689
6,400,pub_base,16099791.69,0.2,0.2182,0.8689
7,1,baseline,14956467.21,0.4,0.2188,0.8700
7,1,null,15708560.92,0.7,0.2188,0.8700
7,1,always,15732121.58,0.5,0.2188,0.8700
7,1,pass,14982003.00,0.5,0.2188,0.8700
7,1,passnop,15273409.67,1.0,0.2188,0.8700
7,1,baseline2,15336416.64,1.1,0.2188,0.8700
7,1,pub_base,14986057.69,0.6,0.2188,0.8700
7,1,pub_always,14987860.14,0.2,0.2188,0.8700
7,4,baseline,15632066.00,0.4,0.2188,0.8700
7,4,null,15780631.38,0.5,0.2188,0.8700
7,4,always,15926055.50,0.4,0.2188,0.8700
7,4,pass,15823678.57,1.2,0.2188,0.8700
7,4,passnop,15435833.33,0.4,0.2188,0.8700
7,4,baseline2,15738503.42,0.2,0.2188,0.8700
7,4,pub_base,14725680.58,0.3,0.2188,0.8700
7,4,pub_always,15233026.79,0.8,0.2188,0.8700
7,10,baseline,16263261.36,0.8,0.2188,0.8700
7,10,null,16094336.54,0.7,0.2188,0.8700
7,10,always,17897197.00,1.3,0.2188,0.8700
7,10,pass,16321092.92,0.2,0.2188,0.8700
7,10,passnop,16871756.92,0.3,0.2188,0.8700
7,10,baseline2,16297298.08,0.4,0.2188,0.8700
7,10,pub_base,14614192.31,0.5,0.2188,0.8700
7,10,pub_always,15078967.21,0.5,0.2188,0.8700
7,25,baseline,17985723.45,0.2,0.2188,0.8700
7,25,null,18124809.08,0.3,0.2188,0.8700
7,25,always,18604767.33,0.5,0.2188,0.8700
7,25,pass,18431737.50,0.3,0.2188,0.8700
7,25,passnop,18486737.50,0.7,0.2188,0.8700
7,25,baseline2,18178651.55,0.5,0.2188,0.8700
7,25,pub_base,14717583.33,0.4,0.2188,0.8700
7,25,pub_always,15088804.46,0.4,0.2188,0.8700
7,50,baseline,21199888.89,0.2,0.2188,0.8700
7,50,null,21624950.00,0.6,0.2188,0.8700
7,50,always,22096170.90,0.9,0.2188,0.8700
7,50,pass,21495685.11,0.6,0.2188,0.8700
7,50,passnop,21213356.56,0.4,0.2188,0.8700
7,50,baseline2,20999310.22,0.2,0.2188,0.8700
7,50,pub_base,14911872.00,0.6,0.2188,0.8700
7,50,pub_always,15201506.00,0.3,0.2188,0.8700
7,100,baseline,27050267.86,0.3,0.2188,0.8700
7,100,null,26898698.00,0.3,0.2188,0.8700
7,100,always,28101369.00,0.2,0.2188,0.8700
7,100,pass,28303202.43,0.2,0.2188,0.8700
7,100,passnop,27384656.25,0.8,0.2188,0.8700
7,100,baseline2,27205625.00,0.5,0.2188,0.8700
7,100,pub_base,14703788.87,0.4,0.2188,0.8700
7,100,pub_always,15315246.77,0.6,0.2188,0.8700
7,200,baseline,39242275.00,0.6,0.2188,0.8700
7,200,null,39137383.40,0.3,0.2188,0.8700
7,200,always,40685025.00,0.7,0.2188,0.8700
7,200,pass,41323116.60,0.3,0.2188,0.8700
7,200,passnop,39182133.40,0.4,0.2188,0.8700
7,200,baseline2,39013191.60,0.2,0.2188,0.8700
7,200,pub_base,15039340.33,0.5,0.2188,0.8700
7,200,pub_always,15617267.33,0.5,0.2188,0.8700
7,400,baseline,63143528.00,0.5,0.2188,0.8700
7,400,null,63014444.33,0.3,0.2188,0.8700
7,400,always,65179847.33,0.4,0.2188,0.8700
7,400,pass,65739986.00,0.2,0.2188,0.8700
7,400,passnop,63257416.67,0.3,0.2188,0.8700
7,400,baseline2,62911375.00,0.4,0.2188,0.8700
7,400,pub_base,15475297.57,0.1,0.2188,0.8700
7,400,pub_always,16306112.23,0.6,0.2188,0.8700
8,1,null,15092220.21,0.6,0.2179,0.8728
8,1,always,15759221.15,1.5,0.2179,0.8728
8,1,pass,15219600.67,0.4,0.2179,0.8728
8,1,passnop,15318567.31,1.3,0.2179,0.8728
8,1,baseline2,15089437.50,0.4,0.2179,0.8728
8,1,pub_base,14735815.50,1.8,0.2179,0.8728
8,1,pub_always,15174758.93,0.5,0.2179,0.8728
8,1,baseline,15431559.08,1.1,0.2179,0.8728
8,4,null,15323637.85,0.5,0.2179,0.8728
8,4,always,16122125.00,0.8,0.2179,0.8728
8,4,pass,15382583.31,0.4,0.2179,0.8728
8,4,passnop,15693000.00,0.8,0.2179,0.8728
8,4,baseline2,15327788.71,0.6,0.2179,0.8728
8,4,pub_base,15140484.00,0.3,0.2179,0.8728
8,4,pub_always,15279763.92,1.6,0.2179,0.8728
8,4,baseline,15415128.23,0.6,0.2179,0.8728
8,10,null,16609794.85,0.3,0.2179,0.8728
8,10,always,16644049.27,0.5,0.2179,0.8728
8,10,pass,16752269.23,0.7,0.2179,0.8728
8,10,passnop,16730242.36,0.3,0.2179,0.8728
8,10,baseline2,16228814.08,0.3,0.2179,0.8728
8,10,pub_base,14515597.25,0.4,0.2179,0.8728
8,10,pub_always,15063641.08,0.3,0.2179,0.8728
8,10,baseline,16587756.46,0.4,0.2179,0.8728
8,25,null,18187731.09,0.4,0.2179,0.8728
8,25,always,18883066.70,0.3,0.2179,0.8728
8,25,pass,18465979.20,0.2,0.2179,0.8728
8,25,passnop,18392121.27,0.4,0.2179,0.8728
8,25,baseline2,17996250.00,0.5,0.2179,0.8728
8,25,pub_base,14849980.53,0.3,0.2179,0.8728
8,25,pub_always,15069468.75,0.1,0.2179,0.8728
8,25,baseline,18591102.27,0.6,0.2179,0.8728
8,50,null,21392060.11,0.2,0.2179,0.8728
8,50,always,22486120.33,0.8,0.2179,0.8728
8,50,pass,21815333.33,0.5,0.2179,0.8728
8,50,passnop,21444712.50,0.6,0.2179,0.8728
8,50,baseline2,20995912.50,0.4,0.2179,0.8728
8,50,pub_base,15027273.79,0.7,0.2179,0.8728
8,50,pub_always,15224471.15,0.8,0.2179,0.8728
8,50,baseline,21656362.50,0.2,0.2179,0.8728
8,100,null,27018203.12,0.5,0.2179,0.8728
8,100,always,28426531.25,0.3,0.2179,0.8728
8,100,pass,28290470.29,0.5,0.2179,0.8728
8,100,passnop,27291875.00,0.3,0.2179,0.8728
8,100,baseline2,27184015.62,0.1,0.2179,0.8728
8,100,pub_base,14832979.17,0.3,0.2179,0.8728
8,100,pub_always,16383458.38,1.5,0.2179,0.8728
8,100,baseline,27005385.37,0.2,0.2179,0.8728
8,200,null,39119283.40,0.4,0.2179,0.8728
8,200,always,40194841.60,0.4,0.2179,0.8728
8,200,pass,41182783.20,0.4,0.2179,0.8728
8,200,passnop,38936716.60,0.3,0.2179,0.8728
8,200,baseline2,38946066.60,0.3,0.2179,0.8728
8,200,pub_base,15320512.85,0.4,0.2179,0.8728
8,200,pub_always,16371444.42,0.5,0.2179,0.8728
8,200,baseline,39536216.60,1.3,0.2179,0.8728
8,400,null,62284819.33,0.4,0.2179,0.8728
8,400,always,65677166.67,0.2,0.2179,0.8728
8,400,pass,67105861.33,0.2,0.2179,0.8728
8,400,passnop,62734152.67,0.3,0.2179,0.8728
8,400,baseline2,62788013.67,0.3,0.2179,0.8728
8,400,pub_base,15743381.46,0.3,0.2179,0.8728
8,400,pub_always,16334443.18,0.7,0.2179,0.8728
8,400,baseline,62999347.33,0.3,0.2179,0.8728
9,1,always,15892276.55,0.7,0.2223,0.8698
9,1,pass,15030482.67,0.5,0.2223,0.8698
9,1,passnop,15355270.79,0.3,0.2223,0.8698
9,1,baseline2,15248102.54,0.6,0.2223,0.8698
9,1,pub_base,14528535.31,0.5,0.2223,0.8698
9,1,pub_always,14834508.93,0.2,0.2223,0.8698
9,1,baseline,15099797.64,0.3,0.2223,0.8698
9,1,null,15012942.31,0.5,0.2223,0.8698
9,4,always,16215684.08,0.5,0.2223,0.8698
9,4,pass,15555224.38,0.1,0.2223,0.8698
9,4,passnop,15548095.21,0.3,0.2223,0.8698
9,4,baseline2,15889724.38,0.9,0.2223,0.8698
9,4,pub_base,14739600.67,0.8,0.2223,0.8698
9,4,pub_always,16209512.77,1.3,0.2223,0.8698
9,4,baseline,15609454.92,0.6,0.2223,0.8698
9,4,null,15567153.85,0.3,0.2223,0.8698
9,10,always,16709185.55,0.3,0.2223,0.8698
9,10,pass,16229903.85,0.3,0.2223,0.8698
9,10,passnop,16353689.36,0.3,0.2223,0.8698
9,10,baseline2,16164701.92,0.5,0.2223,0.8698
9,10,pub_base,14524214.77,0.4,0.2223,0.8698
9,10,pub_always,15301191.00,0.6,0.2223,0.8698
9,10,baseline,16362548.67,0.3,0.2223,0.8698
9,10,null,16541840.25,0.8,0.2223,0.8698
9,25,always,18844204.55,0.5,0.2223,0.8698
9,25,pass,18721750.00,0.6,0.2223,0.8698
9,25,passnop,18230600.00,0.7,0.2223,0.8698
9,25,baseline2,18065895.80,0.2,0.2223,0.8698
9,25,pub_base,14905339.29,0.3,0.2223,0.8698
9,25,pub_always,16370250.00,0.5,0.2223,0.8698
9,25,baseline,18126143.91,0.2,0.2223,0.8698
9,25,null,18377412.50,0.6,0.2223,0.8698
9,50,always,22201895.90,0.2,0.2223,0.8698
9,50,pass,21800976.89,0.5,0.2223,0.8698
9,50,passnop,21372217.67,0.2,0.2223,0.8698
9,50,baseline2,21039708.33,0.4,0.2223,0.8698
9,50,pub_base,15353883.93,0.4,0.2223,0.8698
9,50,pub_always,16365849.38,0.6,0.2223,0.8698
9,50,baseline,21040828.78,0.5,0.2223,0.8698
9,50,null,21564448.00,0.3,0.2223,0.8698
9,100,always,29827071.43,0.6,0.2223,0.8698
9,100,pass,27905136.86,0.6,0.2223,0.8698
9,100,passnop,27230232.14,0.3,0.2223,0.8698
9,100,baseline2,27146687.50,0.5,0.2223,0.8698
9,100,pub_base,14981288.25,0.3,0.2223,0.8698
9,100,pub_always,15827204.83,1.3,0.2223,0.8698
9,100,baseline,27441357.14,0.5,0.2223,0.8698
9,100,null,27680351.29,0.4,0.2223,0.8698
9,200,always,41010033.20,1.0,0.2223,0.8698
9,200,pass,40946250.00,0.3,0.2223,0.8698
9,200,passnop,38964458.40,0.4,0.2223,0.8698
9,200,baseline2,39034858.20,0.3,0.2223,0.8698
9,200,pub_base,15704467.92,0.7,0.2223,0.8698
9,200,pub_always,15595902.75,0.7,0.2223,0.8698
9,200,baseline,39296483.20,0.8,0.2223,0.8698
9,200,null,39166758.40,0.4,0.2223,0.8698
9,400,always,66412444.67,0.6,0.2223,0.8698
9,400,pass,67352555.67,0.3,0.2223,0.8698
9,400,passnop,63335972.33,0.6,0.2223,0.8698
9,400,baseline2,62907125.00,0.3,0.2223,0.8698
9,400,pub_base,15713913.71,0.4,0.2223,0.8698
9,400,pub_always,16052445.54,0.5,0.2223,0.8698
9,400,baseline,62890291.67,0.1,0.2223,0.8698
9,400,null,62923861.00,0.4,0.2223,0.8698
10,1,pass,15104967.29,0.3,0.2190,0.8694
10,1,passnop,15629596.15,0.6,0.2190,0.8694
10,1,baseline2,15129782.71,0.6,0.2190,0.8694
10,1,pub_base,14427939.08,0.3,0.2190,0.8694
10,1,pub_always,15570250.00,0.6,0.2190,0.8694
10,1,baseline,15659115.38,0.8,0.2190,0.8694
10,1,null,15351994.07,0.2,0.2190,0.8694
10,1,always,15932099.31,0.8,0.2190,0.8694
10,4,pass,15961673.08,0.5,0.2190,0.8694
10,4,passnop,15697138.92,0.6,0.2190,0.8694
10,4,baseline2,15396766.00,0.5,0.2190,0.8694
10,4,pub_base,14481038.46,0.3,0.2190,0.8694
10,4,pub_always,15274201.33,1.8,0.2190,0.8694
10,4,baseline,15690548.58,0.7,0.2190,0.8694
10,4,null,15429284.75,0.4,0.2190,0.8694
10,4,always,16796567.31,0.9,0.2190,0.8694
10,10,pass,16154535.23,0.3,0.2190,0.8694
10,10,passnop,16278269.23,0.3,0.2190,0.8694
10,10,baseline2,16387731.00,0.5,0.2190,0.8694
10,10,pub_base,14866327.43,0.7,0.2190,0.8694
10,10,pub_always,15648909.75,1.0,0.2190,0.8694
10,10,baseline,16561657.00,0.3,0.2190,0.8694
10,10,null,16310541.67,0.2,0.2190,0.8694
10,10,always,16897513.92,0.8,0.2190,0.8694
10,25,pass,18442447.00,0.4,0.2190,0.8694
10,25,passnop,18441587.18,1.1,0.2190,0.8694
10,25,baseline2,18450225.67,0.4,0.2190,0.8694
10,25,pub_base,14781762.85,0.3,0.2190,0.8694
10,25,pub_always,15844781.25,0.5,0.2190,0.8694
10,25,baseline,18453454.55,0.3,0.2190,0.8694
10,25,null,18258704.83,0.4,0.2190,0.8694
10,25,always,18713863.64,0.2,0.2190,0.8694
10,50,pass,21682479.10,0.5,0.2190,0.8694
10,50,passnop,21259979.20,0.9,0.2190,0.8694
10,50,baseline2,21304369.88,0.5,0.2190,0.8694
10,50,pub_base,14758875.00,0.5,0.2190,0.8694
10,50,pub_always,15229762.85,0.2,0.2190,0.8694
10,50,baseline,21310773.11,0.6,0.2190,0.8694
10,50,null,20931633.40,0.2,0.2190,0.8694
10,50,always,22188687.50,1.0,0.2190,0.8694
10,100,pass,28299160.71,0.6,0.2190,0.8694
10,100,passnop,27509609.38,0.3,0.2190,0.8694
10,100,baseline2,27131942.62,0.4,0.2190,0.8694
10,100,pub_base,14675795.17,0.3,0.2190,0.8694
10,100,pub_always,15639552.08,0.8,0.2190,0.8694
10,100,baseline,28002982.14,0.3,0.2190,0.8694
10,100,null,27369089.29,0.5,0.2190,0.8694
10,100,always,28433708.29,0.6,0.2190,0.8694
10,200,pass,40379058.20,0.3,0.2190,0.8694
10,200,passnop,39290750.00,0.3,0.2190,0.8694
10,200,baseline2,39161850.00,0.5,0.2190,0.8694
10,200,pub_base,15501211.75,0.6,0.2190,0.8694
10,200,pub_always,15570461.83,0.4,0.2190,0.8694
10,200,baseline,39169650.00,0.4,0.2190,0.8694
10,200,null,39839658.20,0.5,0.2190,0.8694
10,200,always,41156350.00,1.0,0.2190,0.8694
10,400,pass,65664111.00,0.1,0.2190,0.8694
10,400,passnop,63281861.00,0.3,0.2190,0.8694
10,400,baseline2,62379361.00,0.4,0.2190,0.8694
10,400,pub_base,15482993.62,0.2,0.2190,0.8694
10,400,pub_always,16284322.92,0.3,0.2190,0.8694
10,400,baseline,63242430.33,0.4,0.2190,0.8694
10,400,null,62958486.33,0.2,0.2190,0.8694
10,400,always,65458680.33,0.3,0.2190,0.8694
11,1,passnop,15128602.54,0.3,0.2189,0.8694
11,1,baseline2,15139675.64,0.6,0.2189,0.8694
11,1,pub_base,14785241.67,0.4,0.2189,0.8694
11,1,pub_always,15382564.08,1.0,0.2189,0.8694
11,1,baseline,15124003.00,0.4,0.2189,0.8694
11,1,null,15003827.36,0.4,0.2189,0.8694
11,1,always,15766807.69,0.5,0.2189,0.8694
11,1,pass,15210038.71,0.2,0.2189,0.8694
11,4,passnop,15459432.69,0.6,0.2189,0.8694
11,4,baseline2,15779470.21,1.1,0.2189,0.8694
11,4,pub_base,14608294.64,0.8,0.2189,0.8694
11,4,pub_always,15242779.79,1.5,0.2189,0.8694
11,4,baseline,16124320.54,1.2,0.2189,0.8694
11,4,null,15646355.77,0.6,0.2189,0.8694
11,4,always,16298285.23,0.5,0.2189,0.8694
11,4,pass,15624993.62,0.4,0.2189,0.8694
11,10,passnop,16289260.42,0.1,0.2189,0.8694
11,10,baseline2,16407343.00,0.9,0.2189,0.8694
11,10,pub_base,14706142.33,0.3,0.2189,0.8694
11,10,pub_always,15417993.62,0.5,0.2189,0.8694
11,10,baseline,16238157.00,0.5,0.2189,0.8694
11,10,null,16187304.46,0.5,0.2189,0.8694
11,10,always,16757250.00,0.5,0.2189,0.8694
11,10,pass,16555888.92,0.6,0.2189,0.8694
11,25,passnop,18266212.50,0.3,0.2189,0.8694
11,25,baseline2,18539761.36,0.6,0.2189,0.8694
11,25,pub_base,14623672.57,0.4,0.2189,0.8694
11,25,pub_always,15684511.86,0.4,0.2189,0.8694
11,25,baseline,18605954.10,0.6,0.2189,0.8694
11,25,null,18556052.08,0.8,0.2189,0.8694
11,25,always,18769465.91,0.5,0.2189,0.8694
11,25,pass,18393375.00,0.4,0.2189,0.8694
11,50,passnop,21397845.80,0.5,0.2189,0.8694
11,50,baseline2,20898566.70,0.4,0.2189,0.8694
11,50,pub_base,14923815.50,0.4,0.2189,0.8694
11,50,pub_always,15055902.83,0.2,0.2189,0.8694
11,50,baseline,21323097.22,0.7,0.2189,0.8694
11,50,null,20995226.89,0.3,0.2189,0.8694
11,50,always,22743862.50,0.3,0.2189,0.8694
11,50,pass,21699115.67,0.3,0.2189,0.8694
11,100,passnop,27525421.88,0.7,0.2189,0.8694
11,100,baseline2,27072760.38,0.3,0.2189,0.8694
11,100,pub_base,14888380.93,0.3,0.2189,0.8694
11,100,pub_always,15244114.58,0.3,0.2189,0.8694
11,100,baseline,26968729.12,0.5,0.2189,0.8694
11,100,null,26956535.71,0.2,0.2189,0.8694
11,100,always,28361577.43,0.5,0.2189,0.8694
11,100,pass,28696952.43,0.5,0.2189,0.8694
11,200,passnop,39258966.60,0.4,0.2189,0.8694
11,200,baseline2,39321816.80,0.5,0.2189,0.8694
11,200,pub_base,15251255.93,0.5,0.2189,0.8694
11,200,pub_always,15739805.58,0.4,0.2189,0.8694
11,200,baseline,39317241.60,0.5,0.2189,0.8694
11,200,null,39237277.83,0.7,0.2189,0.8694
11,200,always,41192716.60,1.0,0.2189,0.8694
11,200,pass,41263358.40,0.6,0.2189,0.8694
11,400,passnop,63318625.00,0.3,0.2189,0.8694
11,400,baseline2,62831722.33,0.8,0.2189,0.8694
11,400,pub_base,15812909.75,0.8,0.2189,0.8694
11,400,pub_always,16319329.55,0.6,0.2189,0.8694
11,400,baseline,63175763.67,0.3,0.2189,0.8694
11,400,null,63009819.33,0.3,0.2189,0.8694
11,400,always,65622222.00,0.5,0.2189,0.8694
11,400,pass,66748208.33,0.2,0.2189,0.8694
12,1,baseline2,15019076.92,0.4,0.2175,0.8698
12,1,pub_base,14497523.79,0.3,0.2175,0.8698
12,1,pub_always,15395419.85,0.7,0.2175,0.8698
12,1,baseline,15359201.92,0.5,0.2175,0.8698
12,1,null,15194157.71,0.4,0.2175,0.8698
12,1,always,15814766.00,0.7,0.2175,0.8698
12,1,pass,15093919.64,0.6,0.2175,0.8698
12,1,passnop,15504422.57,1.0,0.2175,0.8698
12,4,baseline2,16047583.36,0.8,0.2175,0.8698
12,4,pub_base,15086687.50,0.8,0.2175,0.8698
12,4,pub_always,15151654.79,0.8,0.2175,0.8698
12,4,baseline,15703519.23,0.7,0.2175,0.8698
12,4,null,15446137.85,0.3,0.2175,0.8698
12,4,always,15925583.31,0.4,0.2175,0.8698
12,4,pass,15861003.50,0.2,0.2175,0.8698
12,4,passnop,15702618.00,0.6,0.2175,0.8698
12,10,baseline2,16565589.77,0.5,0.2175,0.8698
12,10,pub_base,14668317.31,0.5,0.2175,0.8698
12,10,pub_always,15140437.50,0.5,0.2175,0.8698
12,10,baseline,16654329.83,0.6,0.2175,0.8698
12,10,null,16104849.38,0.5,0.2175,0.8698
12,10,always,16863666.67,0.4,0.2175,0.8698
12,10,pass,16327329.83,0.4,0.2175,0.8698
12,10,passnop,16398711.83,0.5,0.2175,0.8698
12,25,baseline2,17853185.64,0.2,0.2175,0.8698
12,25,pub_base,14667446.43,0.1,0.2175,0.8698
12,25,pub_always,15003567.31,0.6,0.2175,0.8698
12,25,baseline,17946108.30,0.4,0.2175,0.8698
12,25,null,18084187.50,0.3,0.2175,0.8698
12,25,always,19586300.00,0.7,0.2175,0.8698
12,25,pass,18604608.30,1.0,0.2175,0.8698
12,25,passnop,17983302.08,0.3,0.2175,0.8698
12,50,baseline2,21826850.00,0.3,0.2175,0.8698
12,50,pub_base,14697326.92,0.6,0.2175,0.8698
12,50,pub_always,15427368.62,0.6,0.2175,0.8698
12,50,baseline,20948650.00,0.3,0.2175,0.8698
12,50,null,20971395.80,0.4,0.2175,0.8698
12,50,always,22883546.33,0.3,0.2175,0.8698
12,50,pass,21455958.33,0.3,0.2175,0.8698
12,50,passnop,21371841.60,0.8,0.2175,0.8698
12,100,baseline2,27694343.75,0.6,0.2175,0.8698
12,100,pub_base,14723141.08,0.4,0.2175,0.8698
12,100,pub_always,15758314.08,0.8,0.2175,0.8698
12,100,baseline,27044273.71,0.3,0.2175,0.8698
12,100,null,27519494.00,0.2,0.2175,0.8698
12,100,always,28188220.29,0.2,0.2175,0.8698
12,100,pass,28446583.38,0.4,0.2175,0.8698
12,100,passnop,27184088.50,0.2,0.2175,0.8698
12,200,baseline2,39341325.00,0.2,0.2175,0.8698
12,200,pub_base,15172368.08,0.5,0.2175,0.8698
12,200,pub_always,15821083.31,0.4,0.2175,0.8698
12,200,baseline,39065641.80,0.4,0.2175,0.8698
12,200,null,39499841.60,0.7,0.2175,0.8698
12,200,always,40515958.20,0.2,0.2175,0.8698
12,200,pass,40735691.80,0.3,0.2175,0.8698
12,200,passnop,39600408.20,1.4,0.2175,0.8698
12,400,baseline2,62683694.67,0.4,0.2175,0.8698
12,400,pub_base,16274429.46,0.2,0.2175,0.8698
12,400,pub_always,15994685.85,0.5,0.2175,0.8698
12,400,baseline,62712402.67,0.2,0.2175,0.8698
12,400,null,62814152.67,0.2,0.2175,0.8698
12,400,always,65689514.00,0.2,0.2175,0.8698
12,400,pass,66851944.33,0.5,0.2175,0.8698
12,400,passnop,63456152.67,0.5,0.2175,0.8698
13,1,pub_base,14385880.53,0.4,0.2189,0.8693
13,1,pub_always,15072830.36,1.0,0.2189,0.8693
13,1,baseline,15079527.75,0.2,0.2189,0.8693
13,1,null,15460416.67,0.5,0.2189,0.8693
13,1,always,16415062.50,0.9,0.2189,0.8693
13,1,pass,15178029.79,0.5,0.2189,0.8693
13,1,passnop,15223134.62,0.4,0.2189,0.8693
13,1,baseline2,15463237.15,0.3,0.2189,0.8693
13,4,pub_base,14820444.50,0.5,0.2189,0.8693
13,4,pub_always,15006273.79,0.9,0.2189,0.8693
13,4,baseline,15478256.92,0.2,0.2189,0.8693
13,4,null,15398705.36,0.3,0.2189,0.8693
13,4,always,16225680.58,1.0,0.2189,0.8693
13,4,pass,15769791.67,0.3,0.2189,0.8693
13,4,passnop,15529823.77,0.3,0.2189,0.8693
13,4,baseline2,15484812.50,0.3,0.2189,0.8693
13,10,pub_base,15005888.92,0.2,0.2189,0.8693
13,10,pub_always,15093362.15,0.5,0.2189,0.8693
13,10,baseline,16375034.09,0.6,0.2189,0.8693
13,10,null,16554442.31,0.5,0.2189,0.8693
13,10,always,16981367.45,0.4,0.2189,0.8693
13,10,pass,16407837.09,0.3,0.2189,0.8693
13,10,passnop,16356197.00,0.8,0.2189,0.8693
13,10,baseline2,16490003.23,0.2,0.2189,0.8693
13,25,pub_base,14749615.38,0.4,0.2189,0.8693
13,25,pub_always,16437157.08,1.2,0.2189,0.8693
13,25,baseline,18142197.00,0.3,0.2189,0.8693
13,25,null,18042633.40,0.1,0.2189,0.8693
13,25,always,18645383.30,0.4,0.2189,0.8693
13,25,pass,18725556.82,0.2,0.2189,0.8693
13,25,passnop,18333012.50,0.3,0.2189,0.8693
13,25,baseline2,18174756.92,0.4,0.2189,0.8693
13,50,pub_base,14959755.93,0.6,0.2189,0.8693
13,50,pub_always,15683022.38,1.3,0.2189,0.8693
13,50,baseline,20892953.67,0.3,0.2189,0.8693
13,50,null,20969717.56,0.5,0.2189,0.8693
13,50,always,22606921.88,0.9,0.2189,0.8693
13,50,pass,21600310.11,0.2,0.2189,0.8693
13,50,passnop,21472112.50,0.4,0.2189,0.8693
13,50,baseline2,20950425.00,0.2,0.2189,0.8693
13,100,pub_base,15017869.00,0.6,0.2189,0.8693
13,100,pub_always,15714294.92,0.5,0.2189,0.8693
13,100,baseline,27522726.14,0.5,0.2189,0.8693
13,100,null,27136261.86,0.3,0.2189,0.8693
13,100,always,28447232.14,1.4,0.2189,0.8693
13,100,pass,28450604.12,0.3,0.2189,0.8693
13,100,passnop,27254315.43,0.6,0.2189,0.8693
13,100,baseline2,27380145.88,0.5,0.2189,0.8693
13,200,pub_base,15486288.46,0.6,0.2189,0.8693
13,200,pub_always,15687503.23,0.3,0.2189,0.8693
13,200,baseline,39237616.60,0.3,0.2189,0.8693
13,200,null,39373550.00,0.5,0.2189,0.8693
13,200,always,41248650.00,0.6,0.2189,0.8693
13,200,pass,41595900.00,0.8,0.2189,0.8693
13,200,passnop,39600383.20,0.5,0.2189,0.8693
13,200,baseline2,39349725.00,0.4,0.2189,0.8693
13,400,pub_base,16471299.18,0.7,0.2189,0.8693
13,400,pub_always,16237857.67,0.4,0.2189,0.8693
13,400,baseline,63064875.00,0.3,0.2189,0.8693
13,400,null,63259166.67,0.5,0.2189,0.8693
13,400,always,65281958.33,0.3,0.2189,0.8693
13,400,pass,66545263.67,0.3,0.2189,0.8693
13,400,passnop,62760291.67,0.4,0.2189,0.8693
13,400,baseline2,63239597.33,0.6,0.2189,0.8693
14,1,pub_always,14930589.29,0.4,0.2179,0.8699
14,1,baseline,15113750.00,0.2,0.2179,0.8699
14,1,null,15122701.42,0.7,0.2179,0.8699
14,1,always,16212615.38,0.6,0.2179,0.8699
14,1,pass,15076142.86,0.3,0.2179,0.8699
14,1,passnop,15518767.86,0.7,0.2179,0.8699
14,1,baseline2,15037493.08,0.5,0.2179,0.8699
14,1,pub_base,14623166.69,0.6,0.2179,0.8699
14,4,pub_always,15200173.58,0.3,0.2179,0.8699
14,4,baseline,16133551.31,0.7,0.2179,0.8699
14,4,null,15458910.71,0.6,0.2179,0.8699
14,4,always,16442496.27,0.5,0.2179,0.8699
14,4,pass,15997974.31,0.4,0.2179,0.8699
14,4,passnop,15707993.54,0.3,0.2179,0.8699
14,4,baseline2,15538006.46,0.3,0.2179,0.8699
14,4,pub_base,14872309.08,0.4,0.2179,0.8699
14,10,pub_always,15092467.92,0.1,0.2179,0.8699
14,10,baseline,16377781.25,0.2,0.2179,0.8699
14,10,null,16504856.00,0.5,0.2179,0.8699
14,10,always,17259500.00,1.0,0.2179,0.8699
14,10,pass,16529309.08,0.2,0.2179,0.8699
14,10,passnop,16345704.92,0.7,0.2179,0.8699
14,10,baseline2,16179368.08,0.5,0.2179,0.8699
14,10,pub_base,14650627.93,0.3,0.2179,0.8699
14,25,pub_always,15164349.31,0.8,0.2179,0.8699
14,25,baseline,18706200.82,0.5,0.2179,0.8699
14,25,null,18112743.00,0.5,0.2179,0.8699
14,25,always,19685967.67,0.5,0.2179,0.8699
14,25,pass,18164128.73,0.4,0.2179,0.8699
14,25,passnop,18469818.18,0.7,0.2179,0.8699
14,25,baseline2,18492354.10,1.0,0.2179,0.8699
14,25,pub_base,14986333.36,0.3,0.2179,0.8699
14,50,pub_always,15861816.00,0.7,0.2179,0.8699
14,50,baseline,21428408.30,1.0,0.2179,0.8699
14,50,null,21167283.30,0.3,0.2179,0.8699
14,50,always,21958546.33,0.7,0.2179,0.8699
14,50,pass,21753157.44,0.3,0.2179,0.8699
14,50,passnop,21685939.78,0.2,0.2179,0.8699
14,50,baseline2,20949416.67,0.3,0.2179,0.8699
14,50,pub_base,14836651.79,0.4,0.2179,0.8699
14,100,pub_always,15689232.58,1.2,0.2179,0.8699
14,100,baseline,27470406.25,0.4,0.2179,0.8699
14,100,null,26979432.38,0.4,0.2179,0.8699
14,100,always,28301672.57,0.7,0.2179,0.8699
14,100,pass,28210500.00,0.5,0.2179,0.8699
14,100,passnop,27195482.14,0.2,0.2179,0.8699
14,100,baseline2,27126345.29,0.4,0.2179,0.8699
14,100,pub_base,15296330.08,0.9,0.2179,0.8699
14,200,pub_always,16016875.00,0.5,0.2179,0.8699
14,200,baseline,39478708.20,0.2,0.2179,0.8699
14,200,null,39105166.60,0.7,0.2179,0.8699
14,200,always,40834950.00,0.8,0.2179,0.8699
14,200,pass,41387708.20,0.7,0.2179,0.8699
14,200,passnop,39298741.80,0.6,0.2179,0.8699
14,200,baseline2,38977616.60,0.5,0.2179,0.8699
14,200,pub_base,15749291.67,0.5,0.2179,0.8699
14,400,pub_always,16460919.92,0.4,0.2179,0.8699
14,400,baseline,64210791.67,0.6,0.2179,0.8699
14,400,null,62792653.00,0.3,0.2179,0.8699
14,400,always,65775264.00,0.1,0.2179,0.8699
14,400,pass,67675916.67,0.3,0.2179,0.8699
14,400,passnop,62722986.00,0.1,0.2179,0.8699
14,400,baseline2,63161000.00,0.1,0.2179,0.8699
14,400,pub_base,15460310.92,0.3,0.2179,0.8699
15,1,baseline,15017404.71,0.3,0.2186,0.8691
15,1,null,15039934.00,0.3,0.2186,0.8691
15,1,always,15549503.23,0.6,0.2186,0.8691
15,1,pass,15192927.08,0.4,0.2186,0.8691
15,1,passnop,15101803.57,0.2,0.2186,0.8691
15,1,baseline2,15121426.31,0.2,0.2186,0.8691
15,1,pub_base,14536596.15,0.4,0.2186,0.8691
15,1,pub_always,15192888.92,0.4,0.2186,0.8691
15,4,baseline,15479270.83,0.8,0.2186,0.8691
15,4,null,15402256.38,0.5,0.2186,0.8691
15,4,always,16111132.00,1.1,0.2186,0.8691
15,4,pass,15735005.93,1.0,0.2186,0.8691
15,4,passnop,15553272.38,0.7,0.2186,0.8691
15,4,baseline2,15429169.92,0.3,0.2186,0.8691
15,4,pub_base,14419321.43,0.4,0.2186,0.8691
15,4,pub_always,15021241.07,0.4,0.2186,0.8691
15,10,baseline,16192448.69,0.4,0.2186,0.8691
15,10,null,16194951.92,0.4,0.2186,0.8691
15,10,always,17492194.42,0.6,0.2186,0.8691
15,10,pass,16270746.27,0.4,0.2186,0.8691
15,10,passnop,16266826.33,0.8,0.2186,0.8691
15,10,baseline2,16627299.18,0.7,0.2186,0.8691
15,10,pub_base,14447083.36,0.4,0.2186,0.8691
15,10,pub_always,15044196.43,0.5,0.2186,0.8691
15,25,baseline,18377718.75,0.5,0.2186,0.8691
15,25,null,18367038.25,0.3,0.2186,0.8691
15,25,always,18843469.64,0.6,0.2186,0.8691
15,25,pass,18242136.36,0.2,0.2186,0.8691
15,25,passnop,18331670.80,0.2,0.2186,0.8691
15,25,baseline2,18446295.45,0.5,0.2186,0.8691
15,25,pub_base,15366190.92,0.4,0.2186,0.8691
15,25,pub_always,16023923.58,0.2,0.2186,0.8691
15,50,baseline,21709870.80,0.6,0.2186,0.8691
15,50,null,21412361.11,0.2,0.2186,0.8691
15,50,always,22076369.88,0.6,0.2186,0.8691
15,50,pass,22165865.67,0.5,0.2186,0.8691
15,50,passnop,21100421.33,0.4,0.2186,0.8691
15,50,baseline2,21262720.80,0.4,0.2186,0.8691
15,50,pub_base,14694474.31,0.3,0.2186,0.8691
15,50,pub_always,15121458.36,0.2,0.2186,0.8691
15,100,baseline,27408756.00,0.4,0.2186,0.8691
15,100,null,27453071.43,0.9,0.2186,0.8691
15,100,always,28486958.43,0.2,0.2186,0.8691
15,100,pass,28287696.43,0.3,0.2186,0.8691
15,100,passnop,27242267.86,0.2,0.2186,0.8691
15,100,baseline2,27337702.29,0.5,0.2186,0.8691
15,100,pub_base,15396269.23,0.8,0.2186,0.8691
15,100,pub_always,15334857.67,1.1,0.2186,0.8691
15,200,baseline,39781258.20,0.5,0.2186,0.8691
15,200,null,39058625.00,0.6,0.2186,0.8691
15,200,always,40725433.20,0.7,0.2186,0.8691
15,200,pass,41407550.00,0.3,0.2186,0.8691
15,200,passnop,39054900.00,0.3,0.2186,0.8691
15,200,baseline2,38995900.00,0.2,0.2186,0.8691
15,200,pub_base,15159497.00,0.2,0.2186,0.8691
15,200,pub_always,15706833.38,0.5,0.2186,0.8691
15,400,baseline,67562986.00,0.4,0.2186,0.8691
15,400,null,63574666.67,0.5,0.2186,0.8691
15,400,always,66597319.33,0.4,0.2186,0.8691
15,400,pass,67166347.33,0.2,0.2186,0.8691
15,400,passnop,63411347.33,0.5,0.2186,0.8691
15,400,baseline2,63085055.67,0.5,0.2186,0.8691
15,400,pub_base,15673690.92,0.2,0.2186,0.8691
15,400,pub_always,16046187.50,0.5,0.2186,0.8691
16,1,null,15015413.17,0.3,0.2192,0.8701
16,1,always,15587923.67,0.6,0.2192,0.8701
16,1,pass,15984861.08,0.5,0.2192,0.8701
16,1,passnop,15376461.29,0.3,0.2192,0.8701
16,1,baseline2,15117291.69,0.5,0.2192,0.8701
16,1,pub_base,14513519.23,0.4,0.2192,0.8701
16,1,pub_always,15235977.62,0.4,0.2192,0.8701
16,1,baseline,15831137.85,1.2,0.2192,0.8701
16,4,null,15514882.00,0.3,0.2192,0.8701
16,4,always,16026003.23,0.7,0.2192,0.8701
16,4,pass,15576802.08,0.6,0.2192,0.8701
16,4,passnop,16001387.77,0.7,0.2192,0.8701
16,4,baseline2,15639270.79,0.6,0.2192,0.8701
16,4,pub_base,14676119.07,0.6,0.2192,0.8701
16,4,pub_always,15341005.93,0.6,0.2192,0.8701
16,4,baseline,15489097.25,0.3,0.2192,0.8701
16,10,null,16084559.00,0.2,0.2192,0.8701
16,10,always,16943899.25,0.6,0.2192,0.8701
16,10,pass,16441442.31,0.4,0.2192,0.8701
16,10,passnop,16594734.91,1.2,0.2192,0.8701
16,10,baseline2,16805609.91,0.2,0.2192,0.8701
16,10,pub_base,14742881.92,0.2,0.2192,0.8701
16,10,pub_always,15425342.29,0.8,0.2192,0.8701
16,10,baseline,16512506.38,0.6,0.2192,0.8701
16,25,null,18593079.55,0.3,0.2192,0.8701
16,25,always,18670641.70,0.3,0.2192,0.8701
16,25,pass,18382719.73,0.3,0.2192,0.8701
16,25,passnop,18038659.75,0.3,0.2192,0.8701
16,25,baseline2,18162241.70,0.3,0.2192,0.8701
16,25,pub_base,14733022.46,0.4,0.2192,0.8701
16,25,pub_always,15372906.25,0.3,0.2192,0.8701
16,25,baseline,18349462.09,0.5,0.2192,0.8701
16,50,null,21314691.70,0.2,0.2192,0.8701
16,50,always,22486953.12,0.4,0.2192,0.8701
16,50,pass,21557092.56,0.3,0.2192,0.8701
16,50,passnop,21396430.56,0.2,0.2192,0.8701
16,50,baseline2,21115467.56,0.6,0.2192,0.8701
16,50,pub_base,14805839.69,0.4,0.2192,0.8701
16,50,pub_always,16311427.08,0.5,0.2192,0.8701
16,50,baseline,21056277.78,0.2,0.2192,0.8701
16,100,null,27004453.12,0.2,0.2192,0.8701
16,100,always,28927827.43,0.6,0.2192,0.8701
16,100,pass,28192898.86,0.3,0.2192,0.8701
16,100,passnop,27258010.50,0.8,0.2192,0.8701
16,100,baseline2,27002932.25,0.7,0.2192,0.8701
16,100,pub_base,15463349.38,0.7,0.2192,0.8701
16,100,pub_always,15704548.67,0.6,0.2192,0.8701
16,100,baseline,27192267.86,0.6,0.2192,0.8701
16,200,null,39232750.00,0.5,0.2192,0.8701
16,200,always,41801800.00,0.5,0.2192,0.8701
16,200,pass,40641766.60,0.8,0.2192,0.8701
16,200,passnop,39929908.40,0.5,0.2192,0.8701
16,200,baseline2,39263300.00,0.2,0.2192,0.8701
16,200,pub_base,15335947.92,0.2,0.2192,0.8701
16,200,pub_always,15767985.07,1.0,0.2192,0.8701
16,200,baseline,38940173.67,0.6,0.2192,0.8701
16,400,null,63133833.33,0.6,0.2192,0.8701
16,400,always,66537777.67,0.8,0.2192,0.8701
16,400,pass,67053972.00,0.2,0.2192,0.8701
16,400,passnop,63483569.33,0.6,0.2192,0.8701
16,400,baseline2,63117944.67,0.2,0.2192,0.8701
16,400,pub_base,15692637.85,0.3,0.2192,0.8701
16,400,pub_always,16511003.15,0.5,0.2192,0.8701
16,400,baseline,63402208.33,0.5,0.2192,0.8701
17,1,always,15523903.85,0.3,0.2172,0.8700
17,1,pass,15208020.83,0.4,0.2172,0.8700
17,1,passnop,15532489.58,0.7,0.2172,0.8700
17,1,baseline2,15542572.92,0.4,0.2172,0.8700
17,1,pub_base,14627892.42,0.4,0.2172,0.8700
17,1,pub_always,15612285.23,0.5,0.2172,0.8700
17,1,baseline,15083211.83,0.3,0.2172,0.8700
17,1,null,15265122.00,0.4,0.2172,0.8700
17,4,always,16193852.54,0.8,0.2172,0.8700
17,4,pass,15499086.54,0.6,0.2172,0.8700
17,4,passnop,15742156.25,1.1,0.2172,0.8700
17,4,baseline2,15632961.75,0.4,0.2172,0.8700
17,4,pub_base,14387905.60,0.2,0.2172,0.8700
17,4,pub_always,15365951.42,0.5,0.2172,0.8700
17,4,baseline,15964493.08,0.2,0.2172,0.8700
17,4,null,15712301.23,0.6,0.2172,0.8700
17,10,always,17339086.83,1.0,0.2172,0.8700
17,10,pass,16457673.08,0.4,0.2172,0.8700
17,10,passnop,16349583.31,0.3,0.2172,0.8700
17,10,baseline2,16442972.17,0.3,0.2172,0.8700
17,10,pub_base,15264104.17,0.4,0.2172,0.8700
17,10,pub_always,15894467.92,0.7,0.2172,0.8700
17,10,baseline,16362349.38,0.4,0.2172,0.8700
17,10,null,16700413.46,0.4,0.2172,0.8700
17,25,always,18785408.30,0.6,0.2172,0.8700
17,25,pass,18386308.30,0.4,0.2172,0.8700
17,25,passnop,18201617.45,0.5,0.2172,0.8700
17,25,baseline2,18468912.91,0.2,0.2172,0.8700
17,25,pub_base,15207381.38,0.4,0.2172,0.8700
17,25,pub_always,15560386.93,0.7,0.2172,0.8700
17,25,baseline,18630700.00,0.4,0.2172,0.8700
17,25,null,18203693.18,0.3,0.2172,0.8700
17,50,always,22448937.50,0.8,0.2172,0.8700
17,50,pass,22004066.70,0.3,0.2172,0.8700
17,50,passnop,21186143.56,0.1,0.2172,0.8700
17,50,baseline2,21069150.00,0.4,0.2172,0.8700
17,50,pub_base,15039973.21,0.5,0.2172,0.8700
17,50,pub_always,15493017.42,0.4,0.2172,0.8700
17,50,baseline,21287879.20,0.6,0.2172,0.8700
17,50,null,21298716.70,0.4,0.2172,0.8700
17,100,always,28727118.00,0.8,0.2172,0.8700
17,100,pass,28186113.00,0.2,0.2172,0.8700
17,100,passnop,27552354.12,0.2,0.2172,0.8700
17,100,baseline2,27497750.00,0.3,0.2172,0.8700
17,100,pub_base,15478993.54,1.4,0.2172,0.8700
17,100,pub_always,15661493.00,0.3,0.2172,0.8700
17,100,baseline,27388476.14,0.2,0.2172,0.8700
17,100,null,27331208.29,0.8,0.2172,0.8700
17,200,always,40771133.20,0.5,0.2172,0.8700
17,200,pass,41591758.40,0.4,0.2172,0.8700
17,200,passnop,38971433.40,0.3,0.2172,0.8700
17,200,baseline2,39110016.60,0.5,0.2172,0.8700
17,200,pub_base,15025023.86,0.3,0.2172,0.8700
17,200,pub_always,15984443.43,0.3,0.2172,0.8700
17,200,baseline,38825175.00,0.2,0.2172,0.8700
17,200,null,39131533.40,0.5,0.2172,0.8700
17,400,always,65308500.00,0.3,0.2172,0.8700
17,400,pass,67943083.33,0.7,0.2172,0.8700
17,400,passnop,62547819.67,0.2,0.2172,0.8700
17,400,baseline2,62081166.67,0.3,0.2172,0.8700
17,400,pub_base,15765701.92,0.3,0.2172,0.8700
17,400,pub_always,16004034.75,0.1,0.2172,0.8700
17,400,baseline,63401861.00,0.6,0.2172,0.8700
17,400,null,63160125.00,0.2,0.2172,0.8700
18,1,pass,15271910.71,0.5,0.2191,0.8694
18,1,passnop,15210618.00,0.2,0.2191,0.8694
18,1,baseline2,15114721.15,0.4,0.2191,0.8694
18,1,pub_base,14387769.23,0.4,0.2191,0.8694
18,1,pub_always,14987860.07,0.4,0.2191,0.8694
18,1,baseline,15074836.54,0.4,0.2191,0.8694
18,1,null,15197806.57,0.3,0.2191,0.8694
18,1,always,15862359.00,0.5,0.2191,0.8694
18,4,pass,15763701.92,0.2,0.2191,0.8694
18,4,passnop,15941278.85,0.6,0.2191,0.8694
18,4,baseline2,15831763.92,1.0,0.2191,0.8694
18,4,pub_base,14994107.67,0.5,0.2191,0.8694
18,4,pub_always,14944227.62,0.4,0.2191,0.8694
18,4,baseline,15433471.15,0.3,0.2191,0.8694
18,4,null,15202940.50,0.2,0.2191,0.8694
18,4,always,16374767.33,0.2,0.2191,0.8694
18,10,pass,17123852.27,0.4,0.2191,0.8694
18,10,passnop,16263947.92,0.7,0.2191,0.8694
18,10,baseline2,16370166.67,0.3,0.2191,0.8694
18,10,pub_base,14832598.21,0.4,0.2191,0.8694
18,10,pub_always,15830961.54,1.7,0.2191,0.8694
18,10,baseline,16868613.64,0.4,0.2191,0.8694
18,10,null,16120548.08,0.6,0.2191,0.8694
18,10,always,17718236.17,0.7,0.2191,0.8694
18,25,pass,18550312.50,0.7,0.2191,0.8694
18,25,passnop,18412378.73,0.2,0.2191,0.8694
18,25,baseline2,18214716.60,0.2,0.2191,0.8694
18,25,pub_base,15267541.67,0.6,0.2191,0.8694
18,25,pub_always,15720522.46,0.5,0.2191,0.8694
18,25,baseline,18369367.45,0.3,0.2191,0.8694
18,25,null,18319333.30,0.3,0.2191,0.8694
18,25,always,18901587.18,0.3,0.2191,0.8694
18,50,pass,21750700.00,0.4,0.2191,0.8694
18,50,passnop,21051375.00,0.2,0.2191,0.8694
18,50,baseline2,21147541.67,0.4,0.2191,0.8694
18,50,pub_base,14578270.86,0.4,0.2191,0.8694
18,50,pub_always,15642307.69,0.7,0.2191,0.8694
18,50,baseline,21079412.50,0.4,0.2191,0.8694
18,50,null,21099462.50,0.4,0.2191,0.8694
18,50,always,21764713.50,0.6,0.2191,0.8694
18,100,pass,28406744.14,0.5,0.2191,0.8694
18,100,passnop,27517220.29,0.4,0.2191,0.8694
18,100,baseline2,27140833.29,0.4,0.2191,0.8694
18,100,pub_base,15642041.69,0.2,0.2191,0.8694
18,100,pub_always,15566215.25,0.2,0.2191,0.8694
18,100,baseline,26954927.12,0.3,0.2191,0.8694
18,100,null,27164432.25,0.5,0.2191,0.8694
18,100,always,29232881.00,0.3,0.2191,0.8694
18,200,pass,41349375.00,0.6,0.2191,0.8694
18,200,passnop,39210475.00,0.3,0.2191,0.8694
18,200,baseline2,39107133.20,0.4,0.2191,0.8694
18,200,pub_base,15130409.67,0.7,0.2191,0.8694
18,200,pub_always,15552887.77,0.5,0.2191,0.8694
18,200,baseline,38819008.20,0.2,0.2191,0.8694
18,200,null,38942991.80,0.4,0.2191,0.8694
18,200,always,40493025.00,0.2,0.2191,0.8694
18,400,pass,66738222.00,0.4,0.2191,0.8694
18,400,passnop,62826736.33,0.6,0.2191,0.8694
18,400,baseline2,63819333.33,0.5,0.2191,0.8694
18,400,pub_base,16109022.38,0.5,0.2191,0.8694
18,400,pub_always,16653492.36,0.5,0.2191,0.8694
18,400,baseline,64215541.67,0.4,0.2191,0.8694
18,400,null,63873458.33,1.2,0.2191,0.8694
18,400,always,65513555.33,0.4,0.2191,0.8694
19,1,passnop,15105964.29,0.2,0.2182,0.8716
19,1,baseline2,15175118.62,0.9,0.2182,0.8716
19,1,pub_base,14468096.15,0.3,0.2182,0.8716
19,1,pub_always,14939157.08,0.5,0.2182,0.8716
19,1,baseline,15219133.93,0.7,0.2182,0.8716
19,1,null,15133187.50,0.2,0.2182,0.8716
19,1,always,15567239.58,0.3,0.2182,0.8716
19,1,pass,15112961.54,0.3,0.2182,0.8716
19,4,passnop,15597224.31,0.7,0.2182,0.8716
19,4,baseline2,15817781.25,2.2,0.2182,0.8716
19,4,pub_base,14438812.50,0.3,0.2182,0.8716
19,4,pub_always,15073016.00,0.6,0.2182,0.8716
19,4,baseline,15441871.77,0.5,0.2182,0.8716
19,4,null,15582753.23,0.5,0.2182,0.8716
19,4,always,15952327.36,0.4,0.2182,0.8716
19,4,pass,15735942.31,0.5,0.2182,0.8716
19,10,passnop,16343971.15,0.3,0.2182,0.8716
19,10,baseline2,16398920.45,1.0,0.2182,0.8716
19,10,pub_base,14677134.62,0.5,0.2182,0.8716
19,10,pub_always,14981916.62,0.4,0.2182,0.8716
19,10,baseline,16254298.58,0.6,0.2182,0.8716
19,10,null,16183884.62,0.3,0.2182,0.8716
19,10,always,16731268.91,0.5,0.2182,0.8716
19,10,pass,16374115.38,0.2,0.2182,0.8716
19,25,passnop,18358487.50,0.3,0.2182,0.8716
19,25,baseline2,18218041.67,0.6,0.2182,0.8716
19,25,pub_base,14470403.85,0.1,0.2182,0.8716
19,25,pub_always,15145008.93,1.4,0.2182,0.8716
19,25,baseline,18036621.18,0.5,0.2182,0.8716
19,25,null,18076121.50,0.3,0.2182,0.8716
19,25,always,19300791.60,0.7,0.2182,0.8716
19,25,pass,18509741.70,0.4,0.2182,0.8716
19,50,passnop,21357708.30,0.9,0.2182,0.8716
19,50,baseline2,21170833.33,0.3,0.2182,0.8716
19,50,pub_base,15028985.14,0.5,0.2182,0.8716
19,50,pub_always,15461681.57,0.3,0.2182,0.8716
19,50,baseline,21212828.78,0.3,0.2182,0.8716
19,50,null,21384320.80,0.2,0.2182,0.8716
19,50,always,22317282.33,1.3,0.2182,0.8716
19,50,pass,21655555.56,0.4,0.2182,0.8716
19,100,passnop,27328526.12,0.3,0.2182,0.8716
19,100,baseline2,27264863.14,0.5,0.2182,0.8716
19,100,pub_base,15555836.29,0.3,0.2182,0.8716
19,100,pub_always,15266273.79,0.3,0.2182,0.8716
19,100,baseline,27070761.86,0.2,0.2182,0.8716
19,100,null,27456910.71,0.7,0.2182,0.8716
19,100,always,28285315.43,0.6,0.2182,0.8716
19,100,pass,28511767.86,0.7,0.2182,0.8716
19,200,passnop,39098650.00,0.6,0.2182,0.8716
19,200,baseline2,39327125.00,0.6,0.2182,0.8716
19,200,pub_base,15152184.00,0.4,0.2182,0.8716
19,200,pub_always,15858788.17,0.4,0.2182,0.8716
19,200,baseline,40090258.40,0.5,0.2182,0.8716
19,200,null,39224516.60,0.5,0.2182,0.8716
19,200,always,41838841.80,0.6,0.2182,0.8716
19,200,pass,41204533.40,0.5,0.2182,0.8716
19,400,passnop,62717430.33,0.4,0.2182,0.8716
19,400,baseline2,63141583.33,0.3,0.2182,0.8716
19,400,pub_base,15913259.62,0.4,0.2182,0.8716
19,400,pub_always,16162759.62,0.8,0.2182,0.8716
19,400,baseline,63741305.33,0.4,0.2182,0.8716
19,400,null,62564722.00,0.5,0.2182,0.8716
19,400,always,65668278.00,0.5,0.2182,0.8716
19,400,pass,67187041.67,0.7,0.2182,0.8716
